customer_id,first_name,last_name,email,phone,created_at
1,Surya,Nainggolan,suryanainggolan@hotmail.com,(0904) 694-4591,2024-02-09 13:59:44.733151
2,Estiawan,Saragih,estiawansaragih@hotmail.com,+62-62-782-9299,2024-02-09 13:59:44.733151
3,Mahesa,Wastuti,mahesawastuti@yahoo.com,+62 (46) 932-1963,2024-02-09 13:59:44.733151
4,Drajat,Nainggolan,drajatnainggolan@yahoo.com,+62-042-726-1498,2024-02-09 13:59:44.733151
5,Simon,Wacana,simonwacana@hotmail.com,(0007) 948 5515,2024-02-09 13:59:44.733151
6,Yoga,Suartini,yogasuartini@yahoo.com,(0351) 483-3513,2024-02-09 13:59:44.733151
7,Johan,Dongoran,johandongoran@gmail.com,+62 (833) 471 0274,2024-02-09 13:59:44.733151
8,Wahyu,Haryanto,wahyuharyanto@hotmail.com,+62-0740-822-5344,2024-02-09 13:59:44.733151
9,Catur,Maryadi,caturmaryadi@yahoo.com,+62 (618) 214 3988,2024-02-09 13:59:44.733151
10,Ade,Mustofa,ademustofa@hotmail.com,(086) 792 7812,2024-02-09 13:59:44.733151
11,Najwa,Simbolon,najwasimbolon@yahoo.com,(0276) 921-7073,2024-02-09 13:59:44.733151
12,Rika,Habibi,rikahabibi@gmail.com,085 596 1041,2024-02-09 13:59:44.733151
13,Oni,Mandala,onimandala@gmail.com,+62-492-871-5943,2024-02-09 13:59:44.733151
14,Daru,Latupono,darulatupono@hotmail.com,+62 (534) 599-5145,2024-02-09 13:59:44.733151
15,Jatmiko,Prabowo,jatmikoprabowo@gmail.com,085 907 0376,2024-02-09 13:59:44.733151
16,Prabawa,Astuti,prabawaastuti@hotmail.com,(0051) 644-0648,2024-02-09 13:59:44.733151
17,Martani,Rahayu,martanirahayu@hotmail.com,+62-46-380-9607,2024-02-09 13:59:44.733151
18,Adinata,Prasetya,adinataprasetya@hotmail.com,+62 (0282) 120 7524,2024-02-09 13:59:44.733151
19,Eka,Wijaya,ekawijaya@gmail.com,(0485) 962-4913,2024-02-09 13:59:44.733151
20,Yance,Zulkarnain,yancezulkarnain@gmail.com,(000) 360 5464,2024-02-09 13:59:44.733151
21,Kariman,Maryadi,karimanmaryadi@hotmail.com,+62 (91) 102-2086,2024-02-09 13:59:44.733151
22,Dwi,Thamrin,dwithamrin@hotmail.com,088 251 1977,2024-02-09 13:59:44.733151
23,Agus,Hutapea,agushutapea@gmail.com,+62 (03) 187-3509,2024-02-09 13:59:44.733151
24,Rahman,Zulkarnain,rahmanzulkarnain@yahoo.com,0871229428,2024-02-09 13:59:44.733151
25,Setya,Rajasa,setyarajasa@yahoo.com,+62 (037) 621-7629,2024-02-09 13:59:44.733151
26,Patricia,Sitorus,patriciasitorus@hotmail.com,(0705) 900 1292,2024-02-09 13:59:44.733151
27,Candrakanta,Purwanti,candrakantapurwanti@gmail.com,+62 (38) 384 1032,2024-02-09 13:59:44.733151
28,Balapati,Wijayanti,balapatiwijayanti@hotmail.com,+62-79-020-6682,2024-02-09 13:59:44.733151
29,Eja,Andriani,ejaandriani@yahoo.com,+62 (408) 340 0227,2024-02-09 13:59:44.733151
30,Nyana,Nababan,nyananababan@yahoo.com,+62 (037) 709-4348,2024-02-09 13:59:44.733151
31,Olivia,Anggraini,oliviaanggraini@yahoo.com,081 738 6517,2024-02-09 13:59:44.733151
32,Latika,Pratama,latikapratama@yahoo.com,+62-089-219-7625,2024-02-09 13:59:44.733151
33,Violet,Yuliarti,violetyuliarti@gmail.com,085 736 0692,2024-02-09 13:59:44.733151
34,Yahya,Prasetyo,yahyaprasetyo@gmail.com,+62 (55) 042 6647,2024-02-09 13:59:44.733151
35,Salimah,Gunarto,salimahgunarto@gmail.com,+62 (78) 151-6510,2024-02-09 13:59:44.733151
36,Bakti,Firmansyah,baktifirmansyah@gmail.com,+62 (25) 247 5721,2024-02-09 13:59:44.733151
37,Dasa,Sitorus,dasasitorus@hotmail.com,+62 (64) 418-6222,2024-02-09 13:59:44.733151
38,Garang,Purnawati,garangpurnawati@hotmail.com,083 368 6599,2024-02-09 13:59:44.733151
39,Bambang,Lazuardi,bambanglazuardi@hotmail.com,087 665 1937,2024-02-09 13:59:44.733151
40,Ade,Rahimah,aderahimah@gmail.com,085 654 1458,2024-02-09 13:59:44.733151
41,Perkasa,Iswahyudi,perkasaiswahyudi@gmail.com,+62 (0653) 487 6901,2024-02-09 13:59:44.733151
42,Dono,Habibi,donohabibi@gmail.com,+62 (81) 679 1193,2024-02-09 13:59:44.733151
43,Lasmanto,Nugroho,lasmantonugroho@hotmail.com,+62 (080) 770-0069,2024-02-09 13:59:44.733151
44,Dodo,Adriansyah,dodoadriansyah@gmail.com,+62 (821) 704 9818,2024-02-09 13:59:44.733151
45,Ajiono,Ramadan,ajionoramadan@gmail.com,(0467) 306 8886,2024-02-09 13:59:44.733151
46,Makuta,Saefullah,makutasaefullah@yahoo.com,+62-070-915-5986,2024-02-09 13:59:44.733151
47,Gawati,Mandasari,gawatimandasari@yahoo.com,(0690) 114-8744,2024-02-09 13:59:44.733151
48,Cayadi,Susanti,cayadisusanti@hotmail.com,(0292) 126-4871,2024-02-09 13:59:44.733151
49,Balapati,Hutapea,balapatihutapea@hotmail.com,+62 (068) 042-4364,2024-02-09 13:59:44.733151
50,Rahayu,Salahudin,rahayusalahudin@hotmail.com,(012) 951-8737,2024-02-09 13:59:44.733151
51,Raditya,Kurniawan,radityakurniawan@gmail.com,+62-098-410-5470,2024-02-09 13:59:44.733151
52,Karna,Astuti,karnaastuti@yahoo.com,(0048) 641-3989,2024-02-09 13:59:44.733151
53,Laswi,Usada,laswiusada@gmail.com,(084) 139-6128,2024-02-09 13:59:44.733151
54,Gading,Halimah,gadinghalimah@gmail.com,+62 (837) 240-1942,2024-02-09 13:59:44.733151
55,Cakrajiya,Sitorus,cakrajiyasitorus@yahoo.com,+62-014-180-1091,2024-02-09 13:59:44.733151
56,Prakosa,Padmasari,prakosapadmasari@yahoo.com,+62 (710) 011-0884,2024-02-09 13:59:44.733151
57,Vanya,Uwais,vanyauwais@hotmail.com,(0284) 319-6975,2024-02-09 13:59:44.733151
58,Jais,Wijayanti,jaiswijayanti@gmail.com,089 858 1982,2024-02-09 13:59:44.733151
59,Maryanto,Oktaviani,maryantooktaviani@yahoo.com,+62 (0009) 421-3932,2024-02-09 13:59:44.733151
60,Tantri,Nababan,tantrinababan@hotmail.com,+62 (057) 148-2938,2024-02-09 13:59:44.733151
61,Irwan,Saputra,irwansaputra@gmail.com,+62 (28) 936-5752,2024-02-09 13:59:44.733151
62,Ganep,Setiawan,ganepsetiawan@gmail.com,+62-63-347-2329,2024-02-09 13:59:44.733151
63,Zizi,Laksmiwati,zizilaksmiwati@gmail.com,+62-0084-254-4019,2024-02-09 13:59:44.733151
64,Paramita,Suwarno,paramitasuwarno@gmail.com,(077) 543-7469,2024-02-09 13:59:44.733151
65,Karja,Tamba,karjatamba@hotmail.com,+62 (0109) 828-0721,2024-02-09 13:59:44.733151
66,Kasiyah,Kusmawati,kasiyahkusmawati@hotmail.com,+62-12-847-2106,2024-02-09 13:59:44.733151
67,Perkasa,Hariyah,perkasahariyah@gmail.com,+62-13-781-4238,2024-02-09 13:59:44.733151
68,Balangga,Yuliarti,balanggayuliarti@yahoo.com,+62-590-115-5542,2024-02-09 13:59:44.733151
69,Lega,Hariyah,legahariyah@gmail.com,089 355 8879,2024-02-09 13:59:44.733151
70,Imam,Pangestu,imampangestu@gmail.com,+62 (045) 456-6209,2024-02-09 13:59:44.733151
71,Kusuma,Natsir,kusumanatsir@gmail.com,+62 (010) 014-1468,2024-02-09 13:59:44.733151
72,Bancar,Pratiwi,bancarpratiwi@gmail.com,083 467 7927,2024-02-09 13:59:44.733151
73,Pangeran,Mustofa,pangeranmustofa@yahoo.com,(068) 101-8306,2024-02-09 13:59:44.733151
74,Darman,Yolanda,darmanyolanda@gmail.com,0891682400,2024-02-09 13:59:44.733151
75,Cager,Uwais,cageruwais@hotmail.com,+62-53-073-0938,2024-02-09 13:59:44.733151
76,Gandi,Mardhiyah,gandimardhiyah@yahoo.com,(0989) 124 4244,2024-02-09 13:59:44.733151
77,Intan,Simbolon,intansimbolon@hotmail.com,+62 (0982) 737 7223,2024-02-09 13:59:44.733151
78,Jarwadi,Tarihoran,jarwaditarihoran@hotmail.com,+62 (341) 538 7028,2024-02-09 13:59:44.733151
79,Martana,Hasanah,martanahasanah@gmail.com,0864853059,2024-02-09 13:59:44.733151
80,Cici,Simanjuntak,cicisimanjuntak@gmail.com,+62-824-033-7097,2024-02-09 13:59:44.733151
81,Michelle,Hastuti,michellehastuti@gmail.com,(0667) 497 4733,2024-02-09 13:59:44.733151
82,Warta,Novitasari,wartanovitasari@gmail.com,+62-085-093-7407,2024-02-09 13:59:44.733151
83,Ika,Samosir,ikasamosir@yahoo.com,(033) 392-4503,2024-02-09 13:59:44.733151
84,Karsa,Gunarto,karsagunarto@yahoo.com,086 943 9535,2024-02-09 13:59:44.733151
85,Kadir,Dabukke,kadirdabukke@hotmail.com,+62 (020) 671 1714,2024-02-09 13:59:44.733151
86,Malik,Simbolon,maliksimbolon@yahoo.com,+62-0029-035-0085,2024-02-09 13:59:44.733151
87,Karimah,Budiyanto,karimahbudiyanto@yahoo.com,+62 (64) 746 7354,2024-02-09 13:59:44.733151
88,Vinsen,Firgantoro,vinsenfirgantoro@yahoo.com,+62 (578) 988 4970,2024-02-09 13:59:44.733151
89,Bakda,Maheswara,bakdamaheswara@yahoo.com,+62 (0603) 630 3806,2024-02-09 13:59:44.733151
90,Galang,Astuti,galangastuti@gmail.com,+62 (067) 378-8449,2024-02-09 13:59:44.733151
91,Tira,Hasanah,tirahasanah@hotmail.com,086 328 1070,2024-02-09 13:59:44.733151
92,Maman,Sitompul,mamansitompul@hotmail.com,(028) 331-4781,2024-02-09 13:59:44.733151
93,Kariman,Megantara,karimanmegantara@yahoo.com,+62 (0964) 475-8941,2024-02-09 13:59:44.733151
94,Hartana,Handayani,hartanahandayani@hotmail.com,+62 (39) 378 1737,2024-02-09 13:59:44.733151
95,Prakosa,Nainggolan,prakosanainggolan@yahoo.com,+62 (073) 818-5750,2024-02-09 13:59:44.733151
96,Daruna,Halimah,darunahalimah@hotmail.com,+62-10-400-0621,2024-02-09 13:59:44.733151
97,Hesti,Ardianto,hestiardianto@yahoo.com,+62-079-683-2153,2024-02-09 13:59:44.733151
98,Carub,Susanti,carubsusanti@hotmail.com,+62 (020) 715 5862,2024-02-09 13:59:44.733151
99,Dodo,Laksmiwati,dodolaksmiwati@gmail.com,+62 (376) 190 2272,2024-02-09 13:59:44.733151
100,Winda,Winarno,windawinarno@yahoo.com,+62 (0739) 245-0031,2024-02-09 13:59:44.733151
101,Manah,Rahimah,manahrahimah@gmail.com,+62 (15) 264 2868,2024-02-09 13:59:44.733151
102,Latika,Sinaga,latikasinaga@gmail.com,+62-0436-489-0565,2024-02-09 13:59:44.733151
103,Prasetya,Wijayanti,prasetyawijayanti@gmail.com,+62 (0678) 229 4886,2024-02-09 13:59:44.733151
104,Jaka,Siregar,jakasiregar@hotmail.com,(0745) 725 5225,2024-02-09 13:59:44.733151
105,Padmi,Nababan,padminababan@hotmail.com,+62-693-561-5035,2024-02-09 13:59:44.733151
106,Muhammad,Tamba,muhammadtamba@gmail.com,+62 (0917) 628 4230,2024-02-09 13:59:44.733151
107,Oni,Wijayanti,oniwijayanti@hotmail.com,0899531847,2024-02-09 13:59:44.733151
108,Restu,Lazuardi,restulazuardi@yahoo.com,+62-0379-831-6028,2024-02-09 13:59:44.733151
109,Ratna,Hakim,ratnahakim@hotmail.com,+62 (92) 246 6592,2024-02-09 13:59:44.733151
110,Murti,Sihombing,murtisihombing@yahoo.com,+62 (0714) 606 3996,2024-02-09 13:59:44.733151
111,Arta,Megantara,artamegantara@hotmail.com,(0431) 266 5504,2024-02-09 13:59:44.733151
112,Oskar,Saputra,oskarsaputra@yahoo.com,+62-0190-427-7381,2024-02-09 13:59:44.733151
113,Ika,Maheswara,ikamaheswara@yahoo.com,+62 (06) 094 5489,2024-02-09 13:59:44.733151
114,Dinda,Maryati,dindamaryati@gmail.com,+62-0044-639-4566,2024-02-09 13:59:44.733151
115,Radika,Mandala,radikamandala@gmail.com,+62-007-283-5021,2024-02-09 13:59:44.733151
116,Sabar,Yuliarti,sabaryuliarti@gmail.com,+62-0640-174-1322,2024-02-09 13:59:44.733151
117,Jessica,Napitupulu,jessicanapitupulu@gmail.com,+62-022-905-7621,2024-02-09 13:59:44.733151
118,Leo,Tamba,leotamba@yahoo.com,+62 (74) 465-3971,2024-02-09 13:59:44.733151
119,Sakti,Putra,saktiputra@hotmail.com,+62 (109) 389 3610,2024-02-09 13:59:44.733151
120,Emin,Dabukke,emindabukke@yahoo.com,+62 (136) 798 7985,2024-02-09 13:59:44.733151
121,Natalia,Wibisono,nataliawibisono@gmail.com,+62-070-073-0198,2024-02-09 13:59:44.733151
122,Cahyo,Samosir,cahyosamosir@hotmail.com,(0176) 452 1593,2024-02-09 13:59:44.733151
123,Paiman,Pertiwi,paimanpertiwi@gmail.com,+62-44-914-9869,2024-02-09 13:59:44.733151
124,Pranata,Maulana,pranatamaulana@yahoo.com,086 785 9496,2024-02-09 13:59:44.733151
125,Yance,Dongoran,yancedongoran@gmail.com,+62 (0556) 235-6467,2024-02-09 13:59:44.733151
126,Irwan,Salahudin,irwansalahudin@yahoo.com,+62 (0252) 655-1087,2024-02-09 13:59:44.733151
127,Jayadi,Kurniawan,jayadikurniawan@yahoo.com,+62-972-471-9117,2024-02-09 13:59:44.733151
128,Jinawi,Suwarno,jinawisuwarno@hotmail.com,+62 (0111) 904 2707,2024-02-09 13:59:44.733151
129,Harjo,Suryatmi,harjosuryatmi@hotmail.com,(064) 376-2647,2024-02-09 13:59:44.733151
130,Gandi,Nainggolan,gandinainggolan@yahoo.com,082 701 0150,2024-02-09 13:59:44.733151
131,Jane,Hastuti,janehastuti@yahoo.com,+62 (0411) 335 7258,2024-02-09 13:59:44.733151
132,Harto,Purwanti,hartopurwanti@hotmail.com,+62 (076) 707 5121,2024-02-09 13:59:44.733151
133,Galiono,Pertiwi,galionopertiwi@gmail.com,+62 (973) 309-2034,2024-02-09 13:59:44.733151
134,Yusuf,Wibowo,yusufwibowo@hotmail.com,+62-29-028-2771,2024-02-09 13:59:44.733151
135,Gangsar,Handayani,gangsarhandayani@gmail.com,+62-080-015-3202,2024-02-09 13:59:44.733151
136,Kunthara,Agustina,kuntharaagustina@yahoo.com,(0462) 325-0904,2024-02-09 13:59:44.733151
137,Radit,Tarihoran,radittarihoran@gmail.com,(0444) 210-5464,2024-02-09 13:59:44.733151
138,Lutfan,Salahudin,lutfansalahudin@yahoo.com,+62-900-508-8952,2024-02-09 13:59:44.733151
139,Narji,Iswahyudi,narjiiswahyudi@yahoo.com,+62 (0636) 553-4874,2024-02-09 13:59:44.733151
140,Luwes,Puspita,luwespuspita@yahoo.com,+62 (030) 396 4948,2024-02-09 13:59:44.733151
141,Reza,Wibisono,rezawibisono@yahoo.com,(0119) 898 1031,2024-02-09 13:59:44.733151
142,Aris,Budiyanto,arisbudiyanto@hotmail.com,+62 (0619) 558-7049,2024-02-09 13:59:44.733151
143,Luwar,Lestari,luwarlestari@gmail.com,+62-64-937-4727,2024-02-09 13:59:44.733151
144,Indah,Zulaika,indahzulaika@gmail.com,+62-575-070-9689,2024-02-09 13:59:44.733151
145,Jono,Mandala,jonomandala@yahoo.com,+62 (010) 224 0657,2024-02-09 13:59:44.733151
146,Hilda,Usamah,hildausamah@hotmail.com,+62 (93) 637 2615,2024-02-09 13:59:44.733151
147,Lidya,Hutasoit,lidyahutasoit@gmail.com,+62 (869) 287 3247,2024-02-09 13:59:44.733151
148,Patricia,Mandasari,patriciamandasari@gmail.com,+62-793-517-7528,2024-02-09 13:59:44.733151
149,Nyoman,Namaga,nyomannamaga@yahoo.com,(0661) 513-2052,2024-02-09 13:59:44.733151
150,Cahyadi,Hassanah,cahyadihassanah@gmail.com,+62 (50) 736-2541,2024-02-09 13:59:44.733151
151,Gatra,Puspita,gatrapuspita@hotmail.com,+62 (194) 905 3016,2024-02-09 13:59:44.733151
152,Hesti,Wijayanti,hestiwijayanti@hotmail.com,(084) 317 1285,2024-02-09 13:59:44.733151
153,Baktiadi,Safitri,baktiadisafitri@hotmail.com,088 588 6571,2024-02-09 13:59:44.733151
154,Omar,Ardianto,omarardianto@hotmail.com,+62 (16) 649 9152,2024-02-09 13:59:44.733151
155,Hamima,Utama,hamimautama@hotmail.com,+62-73-784-9886,2024-02-09 13:59:44.733151
156,Lukita,Prabowo,lukitaprabowo@gmail.com,+62 (62) 553-9680,2024-02-09 13:59:44.733151
157,Vega,Wijaya,vegawijaya@gmail.com,(0683) 342 0247,2024-02-09 13:59:44.733151
158,Dian,Permadi,dianpermadi@yahoo.com,(046) 597 7666,2024-02-09 13:59:44.733151
159,Gabriella,Suryatmi,gabriellasuryatmi@hotmail.com,+62-96-342-1531,2024-02-09 13:59:44.733151
160,Asmadi,Nugroho,asmadinugroho@gmail.com,+62-0459-920-2961,2024-02-09 13:59:44.733151
161,Eluh,Megantara,eluhmegantara@hotmail.com,+62-015-899-5119,2024-02-09 13:59:44.733151
162,Kezia,Wacana,keziawacana@yahoo.com,+62 (380) 403 3716,2024-02-09 13:59:44.733151
163,Najib,Firmansyah,najibfirmansyah@hotmail.com,+62 (036) 524 5935,2024-02-09 13:59:44.733151
164,Edi,Saragih,edisaragih@gmail.com,+62-306-799-7653,2024-02-09 13:59:44.733151
165,Rangga,Suwarno,ranggasuwarno@hotmail.com,(055) 609 8902,2024-02-09 13:59:44.733151
166,Patricia,Pudjiastuti,patriciapudjiastuti@hotmail.com,+62-298-353-0400,2024-02-09 13:59:44.733151
167,Bakiadi,Siregar,bakiadisiregar@hotmail.com,+62 (083) 533 4465,2024-02-09 13:59:44.733151
168,Hasta,Lazuardi,hastalazuardi@hotmail.com,(0573) 264-2541,2024-02-09 13:59:44.733151
169,Warsita,Yulianti,warsitayulianti@gmail.com,+62 (0121) 895 2671,2024-02-09 13:59:44.733151
170,Najam,Wibisono,najamwibisono@yahoo.com,(0308) 021 9521,2024-02-09 13:59:44.733151
171,Cindy,Iswahyudi,cindyiswahyudi@yahoo.com,(035) 101-7418,2024-02-09 13:59:44.733151
172,Purwanto,Kuswandari,purwantokuswandari@gmail.com,+62 (0739) 096 2982,2024-02-09 13:59:44.733151
173,Gandewa,Permadi,gandewapermadi@hotmail.com,088 075 5293,2024-02-09 13:59:44.733151
174,Daru,Mansur,darumansur@hotmail.com,+62-066-528-9808,2024-02-09 13:59:44.733151
175,Rosman,Mulyani,rosmanmulyani@hotmail.com,+62 (0175) 024 2127,2024-02-09 13:59:44.733151
176,Najib,Napitupulu,najibnapitupulu@yahoo.com,+62 (57) 421-9224,2024-02-09 13:59:44.733151
177,Rangga,Kusmawati,ranggakusmawati@yahoo.com,+62 (85) 269-8028,2024-02-09 13:59:44.733151
178,Jarwi,Marpaung,jarwimarpaung@yahoo.com,(0464) 375 4630,2024-02-09 13:59:44.733151
179,Edward,Iswahyudi,edwardiswahyudi@hotmail.com,(0719) 783-6792,2024-02-09 13:59:44.733151
180,Kayun,Rahayu,kayunrahayu@hotmail.com,(073) 217 2328,2024-02-09 13:59:44.733151
181,Upik,Prakasa,upikprakasa@yahoo.com,(070) 990-2493,2024-02-09 13:59:44.733151
182,Janet,Habibi,janethabibi@hotmail.com,(055) 650-0101,2024-02-09 13:59:44.733151
183,Hamzah,Melani,hamzahmelani@hotmail.com,+62 (025) 736 3681,2024-02-09 13:59:44.733151
184,Kacung,Wibisono,kacungwibisono@hotmail.com,082 349 7912,2024-02-09 13:59:44.733151
185,Prima,Firgantoro,primafirgantoro@yahoo.com,+62 (45) 987-7077,2024-02-09 13:59:44.733151
186,Bakiadi,Prastuti,bakiadiprastuti@gmail.com,+62-45-811-8126,2024-02-09 13:59:44.733151
187,Ganjaran,Hartati,ganjaranhartati@gmail.com,0878712996,2024-02-09 13:59:44.733151
188,Dian,Andriani,dianandriani@gmail.com,+62-086-263-6308,2024-02-09 13:59:44.733151
189,Diana,Prasetya,dianaprasetya@hotmail.com,+62-059-530-2376,2024-02-09 13:59:44.733151
190,Ida,Pratama,idapratama@gmail.com,(019) 418-7372,2024-02-09 13:59:44.733151
191,Edi,Purnawati,edipurnawati@hotmail.com,+62-37-452-9625,2024-02-09 13:59:44.733151
192,Martana,Uwais,martanauwais@gmail.com,(021) 646-0546,2024-02-09 13:59:44.733151
193,Opung,Sinaga,opungsinaga@gmail.com,+62 (723) 637 6962,2024-02-09 13:59:44.733151
194,Ana,Nasyidah,ananasyidah@gmail.com,(0114) 795-8043,2024-02-09 13:59:44.733151
195,Nyana,Anggriawan,nyanaanggriawan@hotmail.com,+62 (456) 612-9459,2024-02-09 13:59:44.733151
196,Jamal,Mulyani,jamalmulyani@gmail.com,(0197) 651 9664,2024-02-09 13:59:44.733151
197,Jinawi,Purnawati,jinawipurnawati@gmail.com,+62 (859) 885-5174,2024-02-09 13:59:44.733151
198,Kalim,Maryadi,kalimmaryadi@gmail.com,080 627 1567,2024-02-09 13:59:44.733151
199,Gasti,Iswahyudi,gastiiswahyudi@gmail.com,+62-066-199-7280,2024-02-09 13:59:44.733151
200,Joko,Agustina,jokoagustina@gmail.com,+62 (047) 629-4080,2024-02-09 13:59:44.733151
201,Raden,Susanti,radensusanti@yahoo.com,+62 (594) 562 0935,2024-02-09 13:59:44.733151
202,Gamblang,Winarsih,gamblangwinarsih@gmail.com,+62 (0238) 714-8875,2024-02-09 13:59:44.733151
203,Vero,Tamba,verotamba@hotmail.com,0829988266,2024-02-09 13:59:44.733151
204,Cinta,Halim,cintahalim@gmail.com,+62 (0467) 315-0598,2024-02-09 13:59:44.733151
205,Jaya,Prasasta,jayaprasasta@yahoo.com,+62-0945-427-4784,2024-02-09 13:59:44.733151
206,Mujur,Uwais,mujuruwais@hotmail.com,0814947736,2024-02-09 13:59:44.733151
207,Jayadi,Tampubolon,jayaditampubolon@gmail.com,085 661 1981,2024-02-09 13:59:44.733151
208,Dian,Wahyudin,dianwahyudin@gmail.com,(0234) 397-4510,2024-02-09 13:59:44.733151
209,Ganjaran,Siregar,ganjaransiregar@gmail.com,+62-026-315-4121,2024-02-09 13:59:44.733151
210,Cici,Farida,cicifarida@gmail.com,+62 (807) 857-7139,2024-02-09 13:59:44.733151
211,Luhung,Andriani,luhungandriani@hotmail.com,+62 (767) 209 4735,2024-02-09 13:59:44.733151
212,Raden,Tarihoran,radentarihoran@gmail.com,+62 (65) 014-7481,2024-02-09 13:59:44.733151
213,Makuta,Halimah,makutahalimah@hotmail.com,+62 (033) 147-8866,2024-02-09 13:59:44.733151
214,Reksa,Damanik,reksadamanik@gmail.com,(0121) 735 2026,2024-02-09 13:59:44.733151
215,Damar,Narpati,damarnarpati@hotmail.com,+62 (656) 120 8503,2024-02-09 13:59:44.733151
216,Alika,Mandala,alikamandala@gmail.com,+62 (0649) 964-6381,2024-02-09 13:59:44.733151
217,Kamila,Hutasoit,kamilahutasoit@hotmail.com,+62-0955-080-0318,2024-02-09 13:59:44.733151
218,Budi,Irawan,budiirawan@hotmail.com,+62 (0004) 370 2025,2024-02-09 13:59:44.733151
219,Rahmat,Laksita,rahmatlaksita@yahoo.com,+62-058-443-3318,2024-02-09 13:59:44.733151
220,Balamantri,Sirait,balamantrisirait@yahoo.com,(0579) 462-9765,2024-02-09 13:59:44.733151
221,Violet,Mardhiyah,violetmardhiyah@gmail.com,+62 (501) 514-0559,2024-02-09 13:59:44.733151
222,Luluh,Damanik,luluhdamanik@yahoo.com,+62 (066) 416-3665,2024-02-09 13:59:44.733151
223,Salwa,Ramadan,salwaramadan@yahoo.com,0899116490,2024-02-09 13:59:44.733151
224,Galang,Andriani,galangandriani@gmail.com,+62 (72) 699-8613,2024-02-09 13:59:44.733151
225,Puspa,Prasetyo,puspaprasetyo@hotmail.com,+62 (0058) 036 2998,2024-02-09 13:59:44.733151
226,Heru,Riyanti,heruriyanti@yahoo.com,0886342579,2024-02-09 13:59:44.733151
227,Oni,Gunawan,onigunawan@yahoo.com,+62-47-563-3035,2024-02-09 13:59:44.733151
228,Rafid,Widiastuti,rafidwidiastuti@hotmail.com,+62 (005) 117-0063,2024-02-09 13:59:44.733151
229,Halima,Namaga,halimanamaga@yahoo.com,+62 (0906) 559-7221,2024-02-09 13:59:44.733151
230,Eli,Setiawan,elisetiawan@hotmail.com,+62 (0928) 687 9775,2024-02-09 13:59:44.733151
231,Sabri,Saefullah,sabrisaefullah@hotmail.com,+62-0702-856-5543,2024-02-09 13:59:44.733151
232,Usyi,Wijaya,usyiwijaya@hotmail.com,+62 (018) 624-9297,2024-02-09 13:59:44.733151
233,Harsaya,Winarno,harsayawinarno@yahoo.com,+62 (054) 748 0331,2024-02-09 13:59:44.733151
234,Safina,Sihotang,safinasihotang@yahoo.com,(016) 613-1839,2024-02-09 13:59:44.733151
235,Saka,Simbolon,sakasimbolon@yahoo.com,+62 (82) 464-7819,2024-02-09 13:59:44.733151
236,Sabri,Pratiwi,sabripratiwi@yahoo.com,+62 (0277) 296-6121,2024-02-09 13:59:44.733151
237,Gamanto,Siregar,gamantosiregar@gmail.com,0825583232,2024-02-09 13:59:44.733151
238,Harjasa,Mustofa,harjasamustofa@hotmail.com,0817342659,2024-02-09 13:59:44.733151
239,Prasetya,Hasanah,prasetyahasanah@yahoo.com,+62 (39) 424 3704,2024-02-09 13:59:44.733151
240,Prabowo,Kuswoyo,prabowokuswoyo@hotmail.com,(021) 648-3400,2024-02-09 13:59:44.733151
241,Karsa,Nasyidah,karsanasyidah@gmail.com,+62-45-368-6700,2024-02-09 13:59:44.733151
242,Darmanto,Latupono,darmantolatupono@yahoo.com,+62 (0980) 507 5221,2024-02-09 13:59:44.733151
243,Ismail,Rajata,ismailrajata@yahoo.com,+62 (049) 472-7704,2024-02-09 13:59:44.733151
244,Cahyo,Yolanda,cahyoyolanda@yahoo.com,+62 (92) 955-4722,2024-02-09 13:59:44.733151
245,Narji,Padmasari,narjipadmasari@yahoo.com,+62-731-909-9149,2024-02-09 13:59:44.733151
246,Muhammad,Saefullah,muhammadsaefullah@hotmail.com,+62 (060) 967 2945,2024-02-09 13:59:44.733151
247,Emin,Lazuardi,eminlazuardi@yahoo.com,+62-024-340-9460,2024-02-09 13:59:44.733151
248,Galih,Waluyo,galihwaluyo@yahoo.com,(010) 587 4043,2024-02-09 13:59:44.733151
249,Sari,Pradana,saripradana@yahoo.com,0831797797,2024-02-09 13:59:44.733151
250,Kadir,Sihombing,kadirsihombing@hotmail.com,+62-573-472-1731,2024-02-09 13:59:44.733151
251,Pardi,Suryono,pardisuryono@hotmail.com,+62 (687) 695 9916,2024-02-09 13:59:44.733151
252,Enteng,Rajata,entengrajata@gmail.com,+62-438-283-1449,2024-02-09 13:59:44.733151
253,Cahyono,Kusumo,cahyonokusumo@hotmail.com,+62-77-813-1429,2024-02-09 13:59:44.733151
254,Drajat,Yolanda,drajatyolanda@gmail.com,+62-83-113-0699,2024-02-09 13:59:44.733151
255,Widya,Mustofa,widyamustofa@gmail.com,(069) 229-8327,2024-02-09 13:59:44.733151
256,Nalar,Maryadi,nalarmaryadi@yahoo.com,+62 (026) 781-0901,2024-02-09 13:59:44.733151
257,Adhiarja,Sirait,adhiarjasirait@gmail.com,(0555) 989 1771,2024-02-09 13:59:44.733151
258,Baktianto,Anggriawan,baktiantoanggriawan@yahoo.com,+62 (43) 812-2515,2024-02-09 13:59:44.733151
259,Salwa,Dongoran,salwadongoran@gmail.com,+62 (880) 555-3291,2024-02-09 13:59:44.733151
260,Surya,Nurdiyanti,suryanurdiyanti@hotmail.com,+62 (0273) 092-0706,2024-02-09 13:59:44.733151
261,Kariman,Nasyiah,karimannasyiah@hotmail.com,0825039629,2024-02-09 13:59:44.733151
262,Vanesa,Sitorus,vanesasitorus@hotmail.com,(067) 669-7521,2024-02-09 13:59:44.733151
263,Luwes,Hartati,luweshartati@hotmail.com,+62 (68) 213 4032,2024-02-09 13:59:44.733151
264,Lala,Winarno,lalawinarno@hotmail.com,0883098853,2024-02-09 13:59:44.733151
265,Fitriani,Dabukke,fitrianidabukke@yahoo.com,+62 (042) 098-1839,2024-02-09 13:59:44.733151
266,Rafi,Hidayanto,rafihidayanto@hotmail.com,(0159) 921 2103,2024-02-09 13:59:44.733151
267,Bakijan,Wacana,bakijanwacana@gmail.com,+62 (50) 398 8746,2024-02-09 13:59:44.733151
268,Dipa,Nashiruddin,dipanashiruddin@yahoo.com,+62-080-424-3134,2024-02-09 13:59:44.733151
269,Mariadi,Permadi,mariadipermadi@hotmail.com,+62-0090-066-3408,2024-02-09 13:59:44.733151
270,Ibrani,Fujiati,ibranifujiati@gmail.com,+62 (0981) 106-5907,2024-02-09 13:59:44.733151
271,Devi,Kusmawati,devikusmawati@hotmail.com,+62 (0038) 452 8151,2024-02-09 13:59:44.733151
272,Bakiadi,Mayasari,bakiadimayasari@hotmail.com,(099) 658-5859,2024-02-09 13:59:44.733151
273,Kadir,Hardiansyah,kadirhardiansyah@gmail.com,+62 (070) 013-3033,2024-02-09 13:59:44.733151
274,Lasmono,Najmudin,lasmononajmudin@hotmail.com,+62 (56) 137-1433,2024-02-09 13:59:44.733151
275,Daniswara,Hutapea,daniswarahutapea@hotmail.com,(042) 881-6147,2024-02-09 13:59:44.733151
276,Empluk,Hariyah,emplukhariyah@hotmail.com,+62 (0508) 678-7872,2024-02-09 13:59:44.733151
277,Galar,Mayasari,galarmayasari@gmail.com,+62-082-255-4667,2024-02-09 13:59:44.733151
278,Kawaca,Yolanda,kawacayolanda@yahoo.com,+62-0993-517-4962,2024-02-09 13:59:44.733151
279,Bagiya,Wacana,bagiyawacana@yahoo.com,+62 (250) 865-8267,2024-02-09 13:59:44.733151
280,Nurul,Palastri,nurulpalastri@yahoo.com,(051) 200-3457,2024-02-09 13:59:44.733151
281,Wani,Melani,wanimelani@hotmail.com,+62-60-334-6478,2024-02-09 13:59:44.733151
282,Lurhur,Hartati,lurhurhartati@hotmail.com,+62 (501) 273-8671,2024-02-09 13:59:44.733151
283,Digdaya,Laksita,digdayalaksita@hotmail.com,+62 (93) 333-7752,2024-02-09 13:59:44.733151
284,Taufan,Samosir,taufansamosir@yahoo.com,+62 (92) 448 5936,2024-02-09 13:59:44.733151
285,Vivi,Siregar,vivisiregar@yahoo.com,+62 (08) 920-0544,2024-02-09 13:59:44.733151
286,Edison,Pradana,edisonpradana@gmail.com,+62 (0590) 504-4642,2024-02-09 13:59:44.733151
287,Jayadi,Kusmawati,jayadikusmawati@hotmail.com,+62 (010) 537-7401,2024-02-09 13:59:44.733151
288,Safina,Mandala,safinamandala@yahoo.com,(0620) 107-9434,2024-02-09 13:59:44.733151
289,Darmaji,Putra,darmajiputra@hotmail.com,+62 (71) 938-9827,2024-02-09 13:59:44.733151
290,Malika,Wulandari,malikawulandari@yahoo.com,+62-0073-130-6299,2024-02-09 13:59:44.733151
291,Harto,Melani,hartomelani@hotmail.com,0813221082,2024-02-09 13:59:44.733151
292,Hadi,Laksmiwati,hadilaksmiwati@yahoo.com,+62-0296-497-0333,2024-02-09 13:59:44.733151
293,Galih,Anggraini,galihanggraini@yahoo.com,+62 (040) 612-2130,2024-02-09 13:59:44.733151
294,Galuh,Hastuti,galuhhastuti@yahoo.com,+62 (29) 504-2346,2024-02-09 13:59:44.733151
295,Calista,Winarno,calistawinarno@yahoo.com,+62 (467) 379-5003,2024-02-09 13:59:44.733151
296,Jaeman,Hassanah,jaemanhassanah@hotmail.com,(0257) 646 6912,2024-02-09 13:59:44.733151
297,Hari,Dongoran,haridongoran@gmail.com,+62-142-547-2143,2024-02-09 13:59:44.733151
298,Bakiadi,Prakasa,bakiadiprakasa@hotmail.com,+62 (36) 312 3612,2024-02-09 13:59:44.733151
299,Kusuma,Salahudin,kusumasalahudin@gmail.com,(046) 752-0842,2024-02-09 13:59:44.733151
300,Omar,Winarno,omarwinarno@gmail.com,(067) 037-2756,2024-02-09 13:59:44.733151
301,Anggabaya,Mulyani,anggabayamulyani@yahoo.com,+62 (028) 560-4527,2024-02-09 13:59:44.733151
302,Cager,Lazuardi,cagerlazuardi@hotmail.com,+62 (011) 609 7746,2024-02-09 13:59:44.733151
303,Carub,Hidayanto,carubhidayanto@gmail.com,+62-0066-493-2807,2024-02-09 13:59:44.733151
304,Najam,Sitompul,najamsitompul@gmail.com,(0296) 391 8106,2024-02-09 13:59:44.733151
305,Maida,Pradana,maidapradana@yahoo.com,+62 (536) 612-2245,2024-02-09 13:59:44.733151
306,Waluyo,Zulaika,waluyozulaika@hotmail.com,(0498) 621 3326,2024-02-09 13:59:44.733151
307,Gatra,Anggraini,gatraanggraini@gmail.com,(0879) 802 9780,2024-02-09 13:59:44.733151
308,Humaira,Uyainah,humairauyainah@yahoo.com,+62 (743) 109-4516,2024-02-09 13:59:44.733151
309,Cakrawangsa,Uyainah,cakrawangsauyainah@yahoo.com,(074) 376-9816,2024-02-09 13:59:44.733151
310,Karta,Sihombing,kartasihombing@hotmail.com,0852386968,2024-02-09 13:59:44.733151
311,Danuja,Hartati,danujahartati@hotmail.com,+62 (06) 738 3856,2024-02-09 13:59:44.733151
312,Siti,Winarsih,sitiwinarsih@yahoo.com,+62-0984-985-6025,2024-02-09 13:59:44.733151
313,Adinata,Waluyo,adinatawaluyo@hotmail.com,(060) 839-4412,2024-02-09 13:59:44.733151
314,Zelaya,Narpati,zelayanarpati@gmail.com,+62-023-724-3328,2024-02-09 13:59:44.733151
315,Eluh,Rahimah,eluhrahimah@gmail.com,084 517 2712,2024-02-09 13:59:44.733151
316,Lega,Januar,legajanuar@yahoo.com,+62 (085) 993 0000,2024-02-09 13:59:44.733151
317,Elvin,Pertiwi,elvinpertiwi@gmail.com,(0684) 174 8434,2024-02-09 13:59:44.733151
318,Jayadi,Wasita,jayadiwasita@gmail.com,+62 (0323) 650-2346,2024-02-09 13:59:44.733151
319,Kairav,Usamah,kairavusamah@gmail.com,+62 (036) 105 5726,2024-02-09 13:59:44.733151
320,Karimah,Prayoga,karimahprayoga@hotmail.com,(026) 484-0504,2024-02-09 13:59:44.733151
321,Hana,Hakim,hanahakim@hotmail.com,+62 (065) 470-7403,2024-02-09 13:59:44.733151
322,Dariati,Setiawan,dariatisetiawan@gmail.com,087 932 8325,2024-02-09 13:59:44.733151
323,Mumpuni,Jailani,mumpunijailani@hotmail.com,+62-094-901-7631,2024-02-09 13:59:44.733151
324,Jindra,Lailasari,jindralailasari@gmail.com,0806167030,2024-02-09 13:59:44.733151
325,Daliman,Irawan,dalimanirawan@hotmail.com,+62 (050) 452-8232,2024-02-09 13:59:44.733151
326,Hendri,Hidayat,hendrihidayat@hotmail.com,0828627524,2024-02-09 13:59:44.733151
327,Elvin,Farida,elvinfarida@hotmail.com,+62-12-831-9722,2024-02-09 13:59:44.733151
328,Hamima,Andriani,hamimaandriani@yahoo.com,(001) 079 7968,2024-02-09 13:59:44.733151
329,Kezia,Simanjuntak,keziasimanjuntak@yahoo.com,(037) 422 1694,2024-02-09 13:59:44.733151
330,Cinthia,Salahudin,cinthiasalahudin@hotmail.com,+62-89-714-3029,2024-02-09 13:59:44.733151
331,Uchita,Mustofa,uchitamustofa@gmail.com,+62 (80) 087 4249,2024-02-09 13:59:44.733151
332,Galiono,Sirait,galionosirait@hotmail.com,+62 (474) 954 0836,2024-02-09 13:59:44.733151
333,Zahra,Irawan,zahrairawan@gmail.com,(0024) 304 6652,2024-02-09 13:59:44.733151
334,Sadina,Iswahyudi,sadinaiswahyudi@yahoo.com,+62 (630) 044 4231,2024-02-09 13:59:44.733151
335,Lantar,Suryono,lantarsuryono@yahoo.com,(098) 158-0071,2024-02-09 13:59:44.733151
336,Samiah,Agustina,samiahagustina@yahoo.com,(070) 713 5401,2024-02-09 13:59:44.733151
337,Dalimin,Pradana,daliminpradana@yahoo.com,+62-033-936-9927,2024-02-09 13:59:44.733151
338,Gaiman,Jailani,gaimanjailani@yahoo.com,(048) 004 3311,2024-02-09 13:59:44.733151
339,Prayitna,Usamah,prayitnausamah@gmail.com,(0481) 161 3615,2024-02-09 13:59:44.733151
340,Martani,Putra,martaniputra@hotmail.com,+62-075-845-8810,2024-02-09 13:59:44.733151
341,Danang,Mulyani,danangmulyani@hotmail.com,(087) 206-9745,2024-02-09 13:59:44.733151
342,Edward,Sihotang,edwardsihotang@yahoo.com,(017) 603 6870,2024-02-09 13:59:44.733151
343,Zulfa,Putra,zulfaputra@hotmail.com,+62 (44) 514 0450,2024-02-09 13:59:44.733151
344,Jinawi,Kurniawan,jinawikurniawan@gmail.com,+62 (65) 500 3905,2024-02-09 13:59:44.733151
345,Victoria,Kusmawati,victoriakusmawati@gmail.com,+62-161-823-3413,2024-02-09 13:59:44.733151
346,Banawi,Hartati,banawihartati@gmail.com,(085) 673-3811,2024-02-09 13:59:44.733151
347,Jelita,Uyainah,jelitauyainah@yahoo.com,(046) 566 9307,2024-02-09 13:59:44.733151
348,Lalita,Waskita,lalitawaskita@hotmail.com,+62 (0186) 728-7145,2024-02-09 13:59:44.733151
349,Bagiya,Iswahyudi,bagiyaiswahyudi@yahoo.com,+62-0689-142-1228,2024-02-09 13:59:44.733151
350,Rangga,Rahimah,ranggarahimah@yahoo.com,089 946 4433,2024-02-09 13:59:44.733151
351,Kezia,Waskita,keziawaskita@yahoo.com,(0141) 122 3657,2024-02-09 13:59:44.733151
352,Jaga,Nababan,jaganababan@gmail.com,+62 (96) 202 4409,2024-02-09 13:59:44.733151
353,Baktianto,Prastuti,baktiantoprastuti@hotmail.com,+62-003-230-9499,2024-02-09 13:59:44.733151
354,Reksa,Anggriawan,reksaanggriawan@yahoo.com,+62 (054) 388-9401,2024-02-09 13:59:44.733151
355,Maya,Winarsih,mayawinarsih@gmail.com,+62 (0426) 154-1736,2024-02-09 13:59:44.733151
356,Makuta,Haryanti,makutaharyanti@gmail.com,(0269) 000-7955,2024-02-09 13:59:44.733151
357,Tirtayasa,Iswahyudi,tirtayasaiswahyudi@hotmail.com,+62 (014) 876-2684,2024-02-09 13:59:44.733151
358,Estiono,Hakim,estionohakim@yahoo.com,(0355) 219 1627,2024-02-09 13:59:44.733151
359,Leo,Adriansyah,leoadriansyah@hotmail.com,(0097) 949-1377,2024-02-09 13:59:44.733151
360,Sidiq,Hutasoit,sidiqhutasoit@hotmail.com,+62 (0232) 321-4631,2024-02-09 13:59:44.733151
361,Lasmanto,Namaga,lasmantonamaga@hotmail.com,0809545169,2024-02-09 13:59:44.733151
362,Heru,Mulyani,herumulyani@hotmail.com,0842153586,2024-02-09 13:59:44.733151
363,Hardana,Gunawan,hardanagunawan@gmail.com,(0215) 945 0621,2024-02-09 13:59:44.733151
364,Bagiya,Siregar,bagiyasiregar@yahoo.com,+62 (0182) 683-9013,2024-02-09 13:59:44.733151
365,Vinsen,Suartini,vinsensuartini@hotmail.com,+62 (059) 852 1212,2024-02-09 13:59:44.733151
366,Oman,Farida,omanfarida@yahoo.com,+62 (719) 286 1600,2024-02-09 13:59:44.733151
367,Jaswadi,Usada,jaswadiusada@hotmail.com,+62-49-504-9986,2024-02-09 13:59:44.733151
368,Asmadi,Firmansyah,asmadifirmansyah@hotmail.com,+62 (41) 550 9169,2024-02-09 13:59:44.733151
369,Titi,Narpati,titinarpati@yahoo.com,(0264) 098 3666,2024-02-09 13:59:44.733151
370,Jasmani,Mansur,jasmanimansur@yahoo.com,+62 (570) 734 7262,2024-02-09 13:59:44.733151
371,Kurnia,Yulianti,kurniayulianti@hotmail.com,+62-90-112-5672,2024-02-09 13:59:44.733151
372,Ian,Mulyani,ianmulyani@gmail.com,+62 (78) 596 1877,2024-02-09 13:59:44.733151
373,Nalar,Habibi,nalarhabibi@yahoo.com,+62 (0954) 798 7827,2024-02-09 13:59:44.733151
374,Tedi,Purnawati,tedipurnawati@yahoo.com,+62-046-980-0791,2024-02-09 13:59:44.733151
375,Mahfud,Suartini,mahfudsuartini@gmail.com,088 819 0723,2024-02-09 13:59:44.733151
376,Julia,Iswahyudi,juliaiswahyudi@yahoo.com,+62-0310-704-4545,2024-02-09 13:59:44.733151
377,Tasnim,Januar,tasnimjanuar@hotmail.com,+62-0181-513-9804,2024-02-09 13:59:44.733151
378,Galiono,Winarsih,galionowinarsih@hotmail.com,+62 (12) 901-7554,2024-02-09 13:59:44.733151
379,Karya,Sinaga,karyasinaga@hotmail.com,+62-18-506-1950,2024-02-09 13:59:44.733151
380,Halima,Nugroho,halimanugroho@gmail.com,+62 (29) 200-3024,2024-02-09 13:59:44.733151
381,Nardi,Budiman,nardibudiman@yahoo.com,+62 (45) 275 8202,2024-02-09 13:59:44.733151
382,Maya,Pratiwi,mayapratiwi@yahoo.com,+62 (21) 878 3215,2024-02-09 13:59:44.733151
383,Atma,Simbolon,atmasimbolon@gmail.com,+62 (33) 198-5590,2024-02-09 13:59:44.733151
384,Umi,Nugroho,uminugroho@hotmail.com,(0381) 208-1611,2024-02-09 13:59:44.733151
385,Yuliana,Budiman,yulianabudiman@yahoo.com,+62 (0307) 178-4320,2024-02-09 13:59:44.733151
386,Makara,Adriansyah,makaraadriansyah@yahoo.com,+62-0743-789-6469,2024-02-09 13:59:44.733151
387,Ibrahim,Nainggolan,ibrahimnainggolan@hotmail.com,+62 (856) 989-7956,2024-02-09 13:59:44.733151
388,Atmaja,Purnawati,atmajapurnawati@yahoo.com,+62 (18) 680-5312,2024-02-09 13:59:44.733151
389,Galiono,Wacana,galionowacana@gmail.com,+62 (448) 946 4506,2024-02-09 13:59:44.733151
390,Ajiono,Hutapea,ajionohutapea@hotmail.com,+62 (0709) 183-0564,2024-02-09 13:59:44.733151
391,Hendri,Laksmiwati,hendrilaksmiwati@hotmail.com,+62 (0706) 896 6200,2024-02-09 13:59:44.733151
392,Imam,Padmasari,imampadmasari@yahoo.com,(0850) 999-4858,2024-02-09 13:59:44.733151
393,Jindra,Siregar,jindrasiregar@hotmail.com,+62-62-665-4394,2024-02-09 13:59:44.733151
394,Jumari,Sitompul,jumarisitompul@gmail.com,+62 (487) 727 3743,2024-02-09 13:59:44.733151
395,Timbul,Kusmawati,timbulkusmawati@yahoo.com,+62 (16) 269 3222,2024-02-09 13:59:44.733151
396,Harsana,Suwarno,harsanasuwarno@yahoo.com,(0297) 679 1186,2024-02-09 13:59:44.733151
397,Lutfan,Kuswandari,lutfankuswandari@hotmail.com,+62-0814-484-2558,2024-02-09 13:59:44.733151
398,Bakianto,Prastuti,bakiantoprastuti@hotmail.com,(0155) 933 5656,2024-02-09 13:59:44.733151
399,Luwar,Pradana,luwarpradana@hotmail.com,+62-065-092-1235,2024-02-09 13:59:44.733151
400,Latika,Rahimah,latikarahimah@hotmail.com,+62-016-684-2420,2024-02-09 13:59:44.733151
401,Tania,Widodo,taniawidodo@yahoo.com,(077) 033 3773,2024-02-09 13:59:44.733151
402,Ellis,Mahendra,ellismahendra@gmail.com,+62 (065) 289-1360,2024-02-09 13:59:44.733151
403,Jamalia,Dongoran,jamaliadongoran@yahoo.com,+62 (089) 298-4592,2024-02-09 13:59:44.733151
404,Mustika,Wasita,mustikawasita@yahoo.com,+62 (029) 897-2218,2024-02-09 13:59:44.733151
405,Halim,Nashiruddin,halimnashiruddin@gmail.com,(0849) 275-2524,2024-02-09 13:59:44.733151
406,Warsa,Tamba,warsatamba@gmail.com,+62-053-621-5215,2024-02-09 13:59:44.733151
407,Jessica,Puspasari,jessicapuspasari@gmail.com,+62-067-522-8009,2024-02-09 13:59:44.733151
408,Edison,Situmorang,edisonsitumorang@gmail.com,+62 (034) 838 7991,2024-02-09 13:59:44.733151
409,Murti,Nasyidah,murtinasyidah@yahoo.com,+62-70-376-3770,2024-02-09 13:59:44.733151
410,Edison,Budiyanto,edisonbudiyanto@yahoo.com,087 668 7066,2024-02-09 13:59:44.733151
411,Ghaliyati,Nuraini,ghaliyatinuraini@gmail.com,(0376) 623-1801,2024-02-09 13:59:44.733151
412,Bakiadi,Wulandari,bakiadiwulandari@yahoo.com,+62 (0739) 424-9471,2024-02-09 13:59:44.733151
413,Bakti,Ardianto,baktiardianto@yahoo.com,(0576) 213 8649,2024-02-09 13:59:44.733151
414,Wasis,Purwanti,wasispurwanti@gmail.com,+62 (0019) 954 0168,2024-02-09 13:59:44.733151
415,Mila,Purwanti,milapurwanti@gmail.com,(084) 181-8687,2024-02-09 13:59:44.733151
416,Waluyo,Utami,waluyoutami@gmail.com,(0142) 808-3985,2024-02-09 13:59:44.733151
417,Oni,Sitorus,onisitorus@yahoo.com,+62 (95) 161 7705,2024-02-09 13:59:44.733151
418,Narji,Firmansyah,narjifirmansyah@yahoo.com,+62 (953) 786-7009,2024-02-09 13:59:44.733151
419,Laila,Siregar,lailasiregar@gmail.com,(0847) 440 7384,2024-02-09 13:59:44.733151
420,Rahmi,Andriani,rahmiandriani@hotmail.com,+62 (020) 249 4865,2024-02-09 13:59:44.733151
421,Najib,Hardiansyah,najibhardiansyah@gmail.com,+62 (072) 367 6690,2024-02-09 13:59:44.733151
422,Fitria,Gunarto,fitriagunarto@gmail.com,+62 (0794) 483-4652,2024-02-09 13:59:44.733151
423,Cawisono,Puspita,cawisonopuspita@gmail.com,+62-038-087-9268,2024-02-09 13:59:44.733151
424,Narji,Laksita,narjilaksita@hotmail.com,+62-0520-089-5428,2024-02-09 13:59:44.733151
425,Cawuk,Winarno,cawukwinarno@hotmail.com,+62-0908-086-7204,2024-02-09 13:59:44.733151
426,Garang,Hasanah,garanghasanah@gmail.com,+62-85-008-3864,2024-02-09 13:59:44.733151
427,Panca,Hassanah,pancahassanah@hotmail.com,+62 (037) 359 3950,2024-02-09 13:59:44.733151
428,Atmaja,Nasyidah,atmajanasyidah@hotmail.com,085 135 9137,2024-02-09 13:59:44.733151
429,Aurora,Suryono,aurorasuryono@gmail.com,+62 (188) 736 5397,2024-02-09 13:59:44.733151
430,Bambang,Suryono,bambangsuryono@hotmail.com,+62-0256-725-8463,2024-02-09 13:59:44.733151
431,Laksana,Permadi,laksanapermadi@gmail.com,+62-0347-131-7513,2024-02-09 13:59:44.733151
432,Ophelia,Lazuardi,ophelialazuardi@gmail.com,+62 (305) 563-4919,2024-02-09 13:59:44.733151
433,Eluh,Prayoga,eluhprayoga@yahoo.com,(085) 624 8179,2024-02-09 13:59:44.733151
434,Irnanto,Sirait,irnantosirait@hotmail.com,+62-49-848-9586,2024-02-09 13:59:44.733151
435,Gabriella,Iswahyudi,gabriellaiswahyudi@gmail.com,(0457) 432 2480,2024-02-09 13:59:44.733151
436,Empluk,Saptono,empluksaptono@gmail.com,081 502 4024,2024-02-09 13:59:44.733151
437,Nasab,Dongoran,nasabdongoran@gmail.com,(040) 304-0686,2024-02-09 13:59:44.733151
438,Gatot,Handayani,gatothandayani@yahoo.com,+62-001-424-7419,2024-02-09 13:59:44.733151
439,Yessi,Anggriawan,yessianggriawan@hotmail.com,(0004) 916 0355,2024-02-09 13:59:44.733151
440,Saka,Maheswara,sakamaheswara@gmail.com,+62 (0404) 195 8304,2024-02-09 13:59:44.733151
441,Belinda,Narpati,belindanarpati@gmail.com,(061) 127 8727,2024-02-09 13:59:44.733151
442,Dimaz,Prayoga,dimazprayoga@yahoo.com,(085) 633 5285,2024-02-09 13:59:44.733151
443,Pranawa,Winarno,pranawawinarno@hotmail.com,(0612) 300-7278,2024-02-09 13:59:44.733151
444,Bakidin,Laksmiwati,bakidinlaksmiwati@gmail.com,(0747) 224 7665,2024-02-09 13:59:44.733151
445,Edi,Pangestu,edipangestu@hotmail.com,+62 (0811) 449-9590,2024-02-09 13:59:44.733151
446,Warta,Tarihoran,wartatarihoran@yahoo.com,0861876983,2024-02-09 13:59:44.733151
447,Gandi,Jailani,gandijailani@yahoo.com,+62 (469) 094-7702,2024-02-09 13:59:44.733151
448,Martani,Marbun,martanimarbun@yahoo.com,+62 (0360) 386-8141,2024-02-09 13:59:44.733151
449,Kamal,Wahyudin,kamalwahyudin@gmail.com,+62-0585-886-6306,2024-02-09 13:59:44.733151
450,Lidya,Sudiati,lidyasudiati@gmail.com,+62 (045) 543 3990,2024-02-09 13:59:44.733151
451,Bakti,Narpati,baktinarpati@gmail.com,+62-048-031-6069,2024-02-09 13:59:44.733151
452,Kenes,Pangestu,kenespangestu@hotmail.com,+62 (70) 859-6140,2024-02-09 13:59:44.733151
453,Nyana,Haryanto,nyanaharyanto@hotmail.com,(071) 306 0559,2024-02-09 13:59:44.733151
454,Lukman,Gunarto,lukmangunarto@hotmail.com,+62 (465) 794-9449,2024-02-09 13:59:44.733151
455,Chandra,Prastuti,chandraprastuti@gmail.com,(0534) 800-9385,2024-02-09 13:59:44.733151
456,Waluyo,Novitasari,waluyonovitasari@gmail.com,+62-361-539-5951,2024-02-09 13:59:44.733151
457,Karja,Hidayat,karjahidayat@yahoo.com,+62-479-685-7353,2024-02-09 13:59:44.733151
458,Humaira,Prastuti,humairaprastuti@yahoo.com,+62-85-093-6664,2024-02-09 13:59:44.733151
459,Bahuwirya,Uwais,bahuwiryauwais@hotmail.com,+62 (519) 905-4291,2024-02-09 13:59:44.733151
460,Asman,Wahyudin,asmanwahyudin@yahoo.com,(0268) 474-2548,2024-02-09 13:59:44.733151
461,Ajimat,Yuliarti,ajimatyuliarti@yahoo.com,+62 (053) 165 7320,2024-02-09 13:59:44.733151
462,Nasrullah,Novitasari,nasrullahnovitasari@hotmail.com,(0246) 326-5627,2024-02-09 13:59:44.733151
463,Niyaga,Waskita,niyagawaskita@yahoo.com,0837853692,2024-02-09 13:59:44.733151
464,Ajeng,Firmansyah,ajengfirmansyah@yahoo.com,+62 (0775) 262 5828,2024-02-09 13:59:44.733151
465,Cakrabuana,Adriansyah,cakrabuanaadriansyah@yahoo.com,+62-033-364-1089,2024-02-09 13:59:44.733151
466,Putri,Sirait,putrisirait@yahoo.com,+62 (083) 717-5605,2024-02-09 13:59:44.733151
467,Balidin,Habibi,balidinhabibi@yahoo.com,+62-005-060-6599,2024-02-09 13:59:44.733151
468,Nurul,Maheswara,nurulmaheswara@yahoo.com,+62-0659-152-4999,2024-02-09 13:59:44.733151
469,Kenzie,Saputra,kenziesaputra@yahoo.com,+62 (86) 205-8586,2024-02-09 13:59:44.733151
470,Purwadi,Rahmawati,purwadirahmawati@yahoo.com,+62-769-510-7833,2024-02-09 13:59:44.733151
471,Gading,Maryadi,gadingmaryadi@gmail.com,+62 (073) 823 9708,2024-02-09 13:59:44.733151
472,Estiawan,Oktaviani,estiawanoktaviani@yahoo.com,+62-72-224-2048,2024-02-09 13:59:44.733151
473,Irwan,Wastuti,irwanwastuti@gmail.com,+62 (299) 191 0244,2024-02-09 13:59:44.733151
474,Ida,Tarihoran,idatarihoran@hotmail.com,+62 (041) 057 1356,2024-02-09 13:59:44.733151
475,Murti,Wacana,murtiwacana@yahoo.com,(021) 907-1267,2024-02-09 13:59:44.733151
476,Adinata,Haryanto,adinataharyanto@gmail.com,0861602553,2024-02-09 13:59:44.733151
477,Anom,Santoso,anomsantoso@hotmail.com,(073) 817-5575,2024-02-09 13:59:44.733151
478,Prabowo,Manullang,prabowomanullang@yahoo.com,+62-033-247-2495,2024-02-09 13:59:44.733151
479,Amalia,Haryanto,amaliaharyanto@hotmail.com,082 540 3273,2024-02-09 13:59:44.733151
480,Citra,Namaga,citranamaga@gmail.com,+62-18-537-6033,2024-02-09 13:59:44.733151
481,Maryadi,Anggraini,maryadianggraini@gmail.com,0870625014,2024-02-09 13:59:44.733151
482,Wira,Hastuti,wirahastuti@hotmail.com,(022) 296 1966,2024-02-09 13:59:44.733151
483,Yunita,Natsir,yunitanatsir@yahoo.com,+62 (074) 007 1241,2024-02-09 13:59:44.733151
484,Emong,Nainggolan,emongnainggolan@yahoo.com,(0438) 021-2920,2024-02-09 13:59:44.733151
485,Bajragin,Namaga,bajraginnamaga@hotmail.com,+62 (0916) 686 3498,2024-02-09 13:59:44.733151
486,Virman,Jailani,virmanjailani@gmail.com,+62-59-799-6009,2024-02-09 13:59:44.733151
487,Yusuf,Dongoran,yusufdongoran@yahoo.com,+62 (63) 705 4270,2024-02-09 13:59:44.733151
488,Ajimat,Budiman,ajimatbudiman@yahoo.com,+62-0327-025-7298,2024-02-09 13:59:44.733151
489,Halima,Zulaika,halimazulaika@hotmail.com,+62 (0347) 421-9138,2024-02-09 13:59:44.733151
490,Zulaikha,Widiastuti,zulaikhawidiastuti@hotmail.com,+62 (060) 480 7646,2024-02-09 13:59:44.733151
491,Harjasa,Budiyanto,harjasabudiyanto@hotmail.com,(0573) 907 0835,2024-02-09 13:59:44.733151
492,Salimah,Sihombing,salimahsihombing@hotmail.com,+62-43-219-3992,2024-02-09 13:59:44.733151
493,Hesti,Prasasta,hestiprasasta@yahoo.com,(0812) 346 5972,2024-02-09 13:59:44.733151
494,Farah,Nasyiah,farahnasyiah@hotmail.com,+62 (507) 869 4513,2024-02-09 13:59:44.733151
495,Kezia,Lestari,kezialestari@hotmail.com,(0805) 084-3824,2024-02-09 13:59:44.733151
496,Rafi,Sihotang,rafisihotang@yahoo.com,+62-56-117-8417,2024-02-09 13:59:44.733151
497,Timbul,Jailani,timbuljailani@yahoo.com,+62 (584) 277 0491,2024-02-09 13:59:44.733151
498,Shania,Oktaviani,shaniaoktaviani@gmail.com,(001) 436-9170,2024-02-09 13:59:44.733151
499,Dono,Pradana,donopradana@yahoo.com,(058) 283-6427,2024-02-09 13:59:44.733151
500,Gada,Simanjuntak,gadasimanjuntak@yahoo.com,087 349 7521,2024-02-09 13:59:44.733151
501,Dartono,Mayasari,dartonomayasari@gmail.com,+62 (016) 500 9861,2024-02-09 13:59:44.733151
502,Hartaka,Nasyiah,hartakanasyiah@gmail.com,(0871) 502 6027,2024-02-09 13:59:44.733151
503,Mulyono,Wahyudin,mulyonowahyudin@yahoo.com,(0982) 159 0399,2024-02-09 13:59:44.733151
504,Pranata,Pradana,pranatapradana@yahoo.com,+62 (37) 783-6471,2024-02-09 13:59:44.733151
505,Bakidin,Hutagalung,bakidinhutagalung@hotmail.com,(011) 528 1873,2024-02-09 13:59:44.733151
506,Karja,Prasetyo,karjaprasetyo@hotmail.com,+62-01-116-8843,2024-02-09 13:59:44.733151
507,Irwan,Hariyah,irwanhariyah@yahoo.com,(006) 983-4853,2024-02-09 13:59:44.733151
508,Lega,Hastuti,legahastuti@hotmail.com,+62-0753-773-3085,2024-02-09 13:59:44.733151
509,Kayun,Simbolon,kayunsimbolon@yahoo.com,+62 (085) 816 4850,2024-02-09 13:59:44.733151
510,Rika,Tamba,rikatamba@gmail.com,+62-079-648-8719,2024-02-09 13:59:44.733151
511,Jarwi,Hutasoit,jarwihutasoit@yahoo.com,0850410183,2024-02-09 13:59:44.733151
512,Calista,Latupono,calistalatupono@gmail.com,+62 (0248) 154 3587,2024-02-09 13:59:44.733151
513,Paris,Putra,parisputra@gmail.com,+62-30-555-2138,2024-02-09 13:59:44.733151
514,Ifa,Kuswandari,ifakuswandari@yahoo.com,+62-030-371-0339,2024-02-09 13:59:44.733151
515,Lulut,Handayani,luluthandayani@yahoo.com,+62-052-801-4110,2024-02-09 13:59:44.733151
516,Ilsa,Kurniawan,ilsakurniawan@hotmail.com,(0733) 862 5480,2024-02-09 13:59:44.733151
517,Wisnu,Wulandari,wisnuwulandari@yahoo.com,+62-0748-320-6765,2024-02-09 13:59:44.733151
518,Maryanto,Padmasari,maryantopadmasari@gmail.com,+62 (069) 826-9739,2024-02-09 13:59:44.733151
519,Tina,Saputra,tinasaputra@gmail.com,+62-0261-041-0443,2024-02-09 13:59:44.733151
520,Prasetyo,Haryanto,prasetyoharyanto@hotmail.com,(0044) 693-9679,2024-02-09 13:59:44.733151
521,Asirwada,Winarsih,asirwadawinarsih@yahoo.com,(0030) 112 6873,2024-02-09 13:59:44.733151
522,Warsita,Suwarno,warsitasuwarno@yahoo.com,+62 (0536) 259-2469,2024-02-09 13:59:44.733151
523,Dartono,Hasanah,dartonohasanah@yahoo.com,+62 (080) 151 3620,2024-02-09 13:59:44.733151
524,Jamil,Rahayu,jamilrahayu@gmail.com,+62-964-896-1455,2024-02-09 13:59:44.733151
525,Jarwadi,Uyainah,jarwadiuyainah@hotmail.com,+62-0981-353-3202,2024-02-09 13:59:44.733151
526,Gilda,Safitri,gildasafitri@gmail.com,089 046 5932,2024-02-09 13:59:44.733151
527,Zahra,Maryati,zahramaryati@gmail.com,(068) 357 1567,2024-02-09 13:59:44.733151
528,Purwadi,Prabowo,purwadiprabowo@hotmail.com,+62-37-884-2474,2024-02-09 13:59:44.733151
529,Violet,Waluyo,violetwaluyo@yahoo.com,+62-69-838-6693,2024-02-09 13:59:44.733151
530,Dadi,Prastuti,dadiprastuti@yahoo.com,(026) 969 8024,2024-02-09 13:59:44.733151
531,Alika,Kuswoyo,alikakuswoyo@gmail.com,+62-46-943-2182,2024-02-09 13:59:44.733151
532,Artanto,Pudjiastuti,artantopudjiastuti@hotmail.com,+62 (0510) 667-8839,2024-02-09 13:59:44.733151
533,Ophelia,Purnawati,opheliapurnawati@gmail.com,+62 (39) 266-3887,2024-02-09 13:59:44.733151
534,Dalima,Maryati,dalimamaryati@yahoo.com,+62 (0165) 351 1333,2024-02-09 13:59:44.733151
535,Teddy,Waskita,teddywaskita@gmail.com,+62 (0776) 180 0781,2024-02-09 13:59:44.733151
536,Marsito,Suartini,marsitosuartini@gmail.com,+62-10-726-6354,2024-02-09 13:59:44.733151
537,Tomi,Iswahyudi,tomiiswahyudi@yahoo.com,0813313043,2024-02-09 13:59:44.733151
538,Hardi,Iswahyudi,hardiiswahyudi@hotmail.com,+62 (0466) 338-7303,2024-02-09 13:59:44.733151
539,Clara,Permadi,clarapermadi@yahoo.com,(0239) 924-0840,2024-02-09 13:59:44.733151
540,Cakrabirawa,Rajasa,cakrabirawarajasa@yahoo.com,+62 (081) 680 4673,2024-02-09 13:59:44.733151
541,Tiara,Simanjuntak,tiarasimanjuntak@yahoo.com,(0021) 265-1639,2024-02-09 13:59:44.733151
542,Bambang,Utami,bambangutami@yahoo.com,+62-0502-325-9113,2024-02-09 13:59:44.733151
543,Gaman,Puspasari,gamanpuspasari@gmail.com,+62 (834) 177 1028,2024-02-09 13:59:44.733151
544,Tasnim,Latupono,tasnimlatupono@gmail.com,+62 (0065) 358 4444,2024-02-09 13:59:44.733151
545,Sidiq,Suryatmi,sidiqsuryatmi@gmail.com,+62 (023) 835-1524,2024-02-09 13:59:44.733151
546,Sabar,Mandasari,sabarmandasari@yahoo.com,+62 (0648) 483 9655,2024-02-09 13:59:44.733151
547,Cakrawala,Halimah,cakrawalahalimah@gmail.com,+62 (217) 745-8441,2024-02-09 13:59:44.733151
548,Gambira,Rajasa,gambirarajasa@gmail.com,+62 (40) 980 6975,2024-02-09 13:59:44.733151
549,Puspa,Uyainah,puspauyainah@gmail.com,+62-38-589-1790,2024-02-09 13:59:44.733151
550,Zaenab,Tamba,zaenabtamba@hotmail.com,+62 (083) 561 3834,2024-02-09 13:59:44.733151
551,Parman,Mangunsong,parmanmangunsong@yahoo.com,+62-095-316-3536,2024-02-09 13:59:44.733151
552,Cawisono,Budiman,cawisonobudiman@gmail.com,(078) 060-2266,2024-02-09 13:59:44.733151
553,Ega,Pratama,egapratama@hotmail.com,+62 (385) 231-5532,2024-02-09 13:59:44.733151
554,Jane,Latupono,janelatupono@hotmail.com,+62-0049-156-9645,2024-02-09 13:59:44.733151
555,Ganjaran,Pratiwi,ganjaranpratiwi@hotmail.com,+62 (18) 560-8003,2024-02-09 13:59:44.733151
556,Caturangga,Hutasoit,caturanggahutasoit@yahoo.com,+62 (35) 126-3211,2024-02-09 13:59:44.733151
557,Bagiya,Suryatmi,bagiyasuryatmi@hotmail.com,+62-020-932-5611,2024-02-09 13:59:44.733151
558,Gina,Rahmawati,ginarahmawati@yahoo.com,+62 (062) 963-4250,2024-02-09 13:59:44.733151
559,Olivia,Prakasa,oliviaprakasa@yahoo.com,0813044797,2024-02-09 13:59:44.733151
560,Martani,Hastuti,martanihastuti@gmail.com,+62-0752-122-0044,2024-02-09 13:59:44.733151
561,Labuh,Rahmawati,labuhrahmawati@gmail.com,+62-0211-279-0682,2024-02-09 13:59:44.733151
562,Bagus,Siregar,bagussiregar@gmail.com,089 704 8211,2024-02-09 13:59:44.733151
563,Soleh,Suwarno,solehsuwarno@hotmail.com,0864590839,2024-02-09 13:59:44.733151
564,Mustika,Marbun,mustikamarbun@gmail.com,+62 (67) 351-7463,2024-02-09 13:59:44.733151
565,Gara,Pertiwi,garapertiwi@hotmail.com,(0829) 399-1575,2024-02-09 13:59:44.733151
566,Vivi,Ardianto,viviardianto@hotmail.com,+62-83-462-5801,2024-02-09 13:59:44.733151
567,Makuta,Prabowo,makutaprabowo@gmail.com,+62 (010) 408-0983,2024-02-09 13:59:44.733151
568,Hasim,Samosir,hasimsamosir@hotmail.com,+62 (591) 396 6418,2024-02-09 13:59:44.733151
569,Gilda,Maryadi,gildamaryadi@yahoo.com,+62-000-915-5895,2024-02-09 13:59:44.733151
570,Wasis,Nainggolan,wasisnainggolan@yahoo.com,+62 (915) 096-4454,2024-02-09 13:59:44.733151
571,Luhung,Hutapea,luhunghutapea@yahoo.com,+62 (0475) 301 4965,2024-02-09 13:59:44.733151
572,Ilsa,Hidayat,ilsahidayat@yahoo.com,(089) 882 4987,2024-02-09 13:59:44.733151
573,Bakda,Yulianti,bakdayulianti@gmail.com,+62-10-740-0358,2024-02-09 13:59:44.733151
574,Dipa,Susanti,dipasusanti@yahoo.com,+62 (067) 132 9837,2024-02-09 13:59:44.733151
575,Prabu,Aryani,prabuaryani@hotmail.com,(0750) 287-9345,2024-02-09 13:59:44.733151
576,Murti,Narpati,murtinarpati@hotmail.com,(0904) 078-5587,2024-02-09 13:59:44.733151
577,Icha,Suwarno,ichasuwarno@gmail.com,(0713) 841 6143,2024-02-09 13:59:44.733151
578,Manah,Winarsih,manahwinarsih@hotmail.com,+62-077-723-1735,2024-02-09 13:59:44.733151
579,Dasa,Jailani,dasajailani@hotmail.com,(0009) 675 9504,2024-02-09 13:59:44.733151
580,Artawan,Usada,artawanusada@gmail.com,+62 (0453) 158 3164,2024-02-09 13:59:44.733151
581,Estiono,Kusmawati,estionokusmawati@yahoo.com,+62 (0311) 065-8949,2024-02-09 13:59:44.733151
582,Daryani,Namaga,daryaninamaga@gmail.com,(097) 639-3998,2024-02-09 13:59:44.733151
583,Sadina,Kusumo,sadinakusumo@gmail.com,+62 (032) 662 2070,2024-02-09 13:59:44.733151
584,Cawisadi,Nasyidah,cawisadinasyidah@yahoo.com,(056) 696 7607,2024-02-09 13:59:44.733151
585,Ega,Anggraini,egaanggraini@hotmail.com,+62 (55) 391-7296,2024-02-09 13:59:44.733151
586,Tirtayasa,Pradana,tirtayasapradana@yahoo.com,+62-0552-677-1992,2024-02-09 13:59:44.733151
587,Yessi,Nasyiah,yessinasyiah@hotmail.com,0866412303,2024-02-09 13:59:44.733151
588,Fathonah,Anggraini,fathonahanggraini@hotmail.com,+62 (146) 869-3787,2024-02-09 13:59:44.733151
589,Ikhsan,Fujiati,ikhsanfujiati@yahoo.com,+62 (87) 716 9725,2024-02-09 13:59:44.733151
590,Jatmiko,Nurdiyanti,jatmikonurdiyanti@gmail.com,+62-0142-034-3836,2024-02-09 13:59:44.733151
591,Opan,Wahyudin,opanwahyudin@hotmail.com,+62 (07) 673 7330,2024-02-09 13:59:44.733151
592,Daryani,Hutasoit,daryanihutasoit@gmail.com,+62-686-294-4790,2024-02-09 13:59:44.733151
593,Gatot,Ardianto,gatotardianto@hotmail.com,+62-73-892-0303,2024-02-09 13:59:44.733151
594,Puji,Hardiansyah,pujihardiansyah@gmail.com,+62 (094) 413-1952,2024-02-09 13:59:44.733151
595,Ghani,Marbun,ghanimarbun@yahoo.com,+62 (378) 432 7514,2024-02-09 13:59:44.733151
596,Sabrina,Pratiwi,sabrinapratiwi@yahoo.com,+62-032-517-2978,2024-02-09 13:59:44.733151
597,Novi,Saefullah,novisaefullah@hotmail.com,+62 (645) 167 0835,2024-02-09 13:59:44.733151
598,Intan,Latupono,intanlatupono@gmail.com,+62 (009) 174 1906,2024-02-09 13:59:44.733151
599,Prasetyo,Palastri,prasetyopalastri@hotmail.com,+62 (068) 387-1517,2024-02-09 13:59:44.733151
600,Jindra,Handayani,jindrahandayani@hotmail.com,+62-090-770-0552,2024-02-09 13:59:44.733151
601,Danuja,Widiastuti,danujawidiastuti@yahoo.com,+62 (085) 480 9523,2024-02-09 13:59:44.733151
602,Jaga,Hutasoit,jagahutasoit@gmail.com,+62-76-525-8287,2024-02-09 13:59:44.733151
603,Halim,Agustina,halimagustina@yahoo.com,+62-0252-753-3343,2024-02-09 13:59:44.733151
604,Ivan,Jailani,ivanjailani@hotmail.com,(058) 557 6809,2024-02-09 13:59:44.733151
605,Ratna,Tarihoran,ratnatarihoran@yahoo.com,(0806) 876-3409,2024-02-09 13:59:44.733151
606,Bakiono,Pratiwi,bakionopratiwi@gmail.com,+62 (98) 494-8433,2024-02-09 13:59:44.733151
607,Emin,Pangestu,eminpangestu@yahoo.com,+62-657-966-3469,2024-02-09 13:59:44.733151
608,Dian,Waluyo,dianwaluyo@hotmail.com,+62-94-406-9529,2024-02-09 13:59:44.733151
609,Ratna,Pradipta,ratnapradipta@yahoo.com,+62 (056) 654 1853,2024-02-09 13:59:44.733151
610,Slamet,Adriansyah,slametadriansyah@hotmail.com,0830138752,2024-02-09 13:59:44.733151
611,Cakrajiya,Hutapea,cakrajiyahutapea@hotmail.com,+62 (0083) 498 6770,2024-02-09 13:59:44.733151
612,Jamil,Mustofa,jamilmustofa@hotmail.com,+62 (0982) 779 5912,2024-02-09 13:59:44.733151
613,Salwa,Uyainah,salwauyainah@yahoo.com,(0866) 508-2867,2024-02-09 13:59:44.733151
614,Nrima,Haryanti,nrimaharyanti@yahoo.com,+62 (0589) 515 0285,2024-02-09 13:59:44.733151
615,Kayla,Prasetya,kaylaprasetya@yahoo.com,+62-080-721-8141,2024-02-09 13:59:44.733151
616,Dasa,Laksmiwati,dasalaksmiwati@gmail.com,+62-54-578-3744,2024-02-09 13:59:44.733151
617,Mursita,Prastuti,mursitaprastuti@yahoo.com,+62 (080) 880 1273,2024-02-09 13:59:44.733151
618,Naradi,Mandasari,naradimandasari@gmail.com,+62 (888) 956 5499,2024-02-09 13:59:44.733151
619,Cawisono,Dabukke,cawisonodabukke@hotmail.com,+62-41-266-5799,2024-02-09 13:59:44.733151
620,Bakiono,Maulana,bakionomaulana@yahoo.com,+62 (65) 315-0551,2024-02-09 13:59:44.733151
621,Paiman,Yuliarti,paimanyuliarti@yahoo.com,081 474 5777,2024-02-09 13:59:44.733151
622,Zamira,Zulaika,zamirazulaika@gmail.com,0866504061,2024-02-09 13:59:44.733151
623,Eman,Halimah,emanhalimah@hotmail.com,+62 (45) 321-0070,2024-02-09 13:59:44.733151
624,Ajimin,Jailani,ajiminjailani@gmail.com,+62-918-543-8854,2024-02-09 13:59:44.733151
625,Ibun,Kuswandari,ibunkuswandari@gmail.com,(018) 630 6657,2024-02-09 13:59:44.733151
626,Ismail,Tamba,ismailtamba@gmail.com,+62 (001) 844 6204,2024-02-09 13:59:44.733151
627,Hasna,Rahimah,hasnarahimah@hotmail.com,088 048 9109,2024-02-09 13:59:44.733151
628,Wira,Oktaviani,wiraoktaviani@hotmail.com,089 602 6531,2024-02-09 13:59:44.733151
629,Oskar,Wahyuni,oskarwahyuni@gmail.com,+62-46-744-6820,2024-02-09 13:59:44.733151
630,Soleh,Usamah,solehusamah@yahoo.com,+62 (16) 324-7041,2024-02-09 13:59:44.733151
631,Candra,Megantara,candramegantara@hotmail.com,082 416 2622,2024-02-09 13:59:44.733151
632,Viktor,Maheswara,viktormaheswara@yahoo.com,+62-056-218-4637,2024-02-09 13:59:44.733151
633,Cawisadi,Prasetya,cawisadiprasetya@hotmail.com,(0961) 940 9451,2024-02-09 13:59:44.733151
634,Jaeman,Latupono,jaemanlatupono@yahoo.com,+62 (0759) 109 1004,2024-02-09 13:59:44.733151
635,Estiawan,Salahudin,estiawansalahudin@yahoo.com,+62 (0485) 386 4141,2024-02-09 13:59:44.733151
636,Jasmin,Situmorang,jasminsitumorang@yahoo.com,+62-278-885-0350,2024-02-09 13:59:44.733151
637,Jamalia,Sitorus,jamaliasitorus@gmail.com,+62 (069) 487 2025,2024-02-09 13:59:44.733151
638,Harsana,Aryani,harsanaaryani@hotmail.com,0877429002,2024-02-09 13:59:44.733151
639,Ega,Usamah,egausamah@hotmail.com,+62 (057) 336-7992,2024-02-09 13:59:44.733151
640,Sarah,Saptono,sarahsaptono@yahoo.com,+62 (052) 234-8121,2024-02-09 13:59:44.733151
641,Ira,Pratiwi,irapratiwi@hotmail.com,(005) 688-9802,2024-02-09 13:59:44.733151
642,Talia,Namaga,talianamaga@gmail.com,+62 (32) 665-4253,2024-02-09 13:59:44.733151
643,Wani,Firmansyah,wanifirmansyah@gmail.com,+62 (279) 892 7393,2024-02-09 13:59:44.733151
644,Saadat,Pratiwi,saadatpratiwi@hotmail.com,+62 (0949) 634 3476,2024-02-09 13:59:44.733151
645,Nova,Susanti,novasusanti@yahoo.com,+62 (66) 241 6627,2024-02-09 13:59:44.733151
646,Hesti,Marpaung,hestimarpaung@hotmail.com,+62 (33) 425 7427,2024-02-09 13:59:44.733151
647,Hamima,Gunarto,hamimagunarto@gmail.com,(055) 887-2956,2024-02-09 13:59:44.733151
648,Wisnu,Nababan,wisnunababan@yahoo.com,+62 (0767) 922 9898,2024-02-09 13:59:44.733151
649,Artawan,Mardhiyah,artawanmardhiyah@yahoo.com,+62-0324-725-9176,2024-02-09 13:59:44.733151
650,Ivan,Mayasari,ivanmayasari@hotmail.com,+62 (817) 468-6050,2024-02-09 13:59:44.733151
651,Cengkir,Puspita,cengkirpuspita@yahoo.com,+62 (31) 382-1141,2024-02-09 13:59:44.733151
652,Waluyo,Siregar,waluyosiregar@hotmail.com,+62-096-538-4804,2024-02-09 13:59:44.733151
653,Bala,Purwanti,balapurwanti@hotmail.com,+62 (27) 564 7920,2024-02-09 13:59:44.733151
654,Emas,Maryati,emasmaryati@gmail.com,+62-043-031-9117,2024-02-09 13:59:44.733151
655,Eka,Saputra,ekasaputra@hotmail.com,(080) 988 0061,2024-02-09 13:59:44.733151
656,Mahfud,Wastuti,mahfudwastuti@yahoo.com,+62-075-403-6627,2024-02-09 13:59:44.733151
657,Hadi,Habibi,hadihabibi@hotmail.com,0850475497,2024-02-09 13:59:44.733151
658,Jaiman,Wastuti,jaimanwastuti@gmail.com,+62-91-154-2495,2024-02-09 13:59:44.733151
659,Purwa,Gunarto,purwagunarto@hotmail.com,+62 (86) 453-5199,2024-02-09 13:59:44.733151
660,Cahyono,Nuraini,cahyononuraini@gmail.com,+62-19-171-5435,2024-02-09 13:59:44.733151
661,Hasan,Aryani,hasanaryani@yahoo.com,084 657 0316,2024-02-09 13:59:44.733151
662,Zahra,Mandasari,zahramandasari@yahoo.com,+62 (341) 672 7189,2024-02-09 13:59:44.733151
663,Ega,Mardhiyah,egamardhiyah@hotmail.com,+62 (83) 512-6080,2024-02-09 13:59:44.733151
664,Bala,Mayasari,balamayasari@yahoo.com,(014) 042-4787,2024-02-09 13:59:44.733151
665,Cager,Aryani,cageraryani@gmail.com,(004) 582-3322,2024-02-09 13:59:44.733151
666,Puti,Kusmawati,putikusmawati@yahoo.com,+62 (0191) 482-1073,2024-02-09 13:59:44.733151
667,Emong,Dongoran,emongdongoran@hotmail.com,+62 (027) 412 9734,2024-02-09 13:59:44.733151
668,Ajiman,Mayasari,ajimanmayasari@yahoo.com,+62 (043) 882 5981,2024-02-09 13:59:44.733151
669,Rosman,Laksmiwati,rosmanlaksmiwati@gmail.com,+62-606-736-0344,2024-02-09 13:59:44.733151
670,Gangsa,Prabowo,gangsaprabowo@hotmail.com,+62-86-085-7616,2024-02-09 13:59:44.733151
671,Asmuni,Prayoga,asmuniprayoga@gmail.com,+62 (674) 224-2247,2024-02-09 13:59:44.733151
672,Maryanto,Nuraini,maryantonuraini@hotmail.com,+62 (0770) 205 9140,2024-02-09 13:59:44.733151
673,Maryadi,Prayoga,maryadiprayoga@hotmail.com,+62 (957) 690-0398,2024-02-09 13:59:44.733151
674,Caket,Rahmawati,caketrahmawati@hotmail.com,(061) 677 8710,2024-02-09 13:59:44.733151
675,Salimah,Saputra,salimahsaputra@gmail.com,(0572) 547 1353,2024-02-09 13:59:44.733151
676,Humaira,Nashiruddin,humairanashiruddin@yahoo.com,+62 (022) 407-3339,2024-02-09 13:59:44.733151
677,Marwata,Mangunsong,marwatamangunsong@hotmail.com,(089) 958 3450,2024-02-09 13:59:44.733151
678,Bahuwirya,Sitompul,bahuwiryasitompul@yahoo.com,+62 (78) 703-1817,2024-02-09 13:59:44.733151
679,Nasrullah,Zulkarnain,nasrullahzulkarnain@hotmail.com,+62-44-989-2603,2024-02-09 13:59:44.733151
680,Opung,Purwanti,opungpurwanti@yahoo.com,0830931581,2024-02-09 13:59:44.733151
681,Wardi,Yuliarti,wardiyuliarti@hotmail.com,+62-30-352-2673,2024-02-09 13:59:44.733151
682,Viman,Prasetya,vimanprasetya@yahoo.com,+62 (73) 362 1413,2024-02-09 13:59:44.733151
683,Hasan,Yuniar,hasanyuniar@yahoo.com,+62-0373-448-0675,2024-02-09 13:59:44.733151
684,Diah,Susanti,diahsusanti@gmail.com,(0633) 626-5831,2024-02-09 13:59:44.733151
685,Kanda,Puspita,kandapuspita@hotmail.com,+62-0584-056-7083,2024-02-09 13:59:44.733151
686,Omar,Samosir,omarsamosir@hotmail.com,+62 (277) 814-0067,2024-02-09 13:59:44.733151
687,Ajimat,Maryati,ajimatmaryati@hotmail.com,+62 (30) 762-9398,2024-02-09 13:59:44.733151
688,Citra,Mangunsong,citramangunsong@yahoo.com,+62-41-460-5263,2024-02-09 13:59:44.733151
689,Ade,Halim,adehalim@hotmail.com,+62 (458) 957 6242,2024-02-09 13:59:44.733151
690,Jagapati,Wibowo,jagapatiwibowo@hotmail.com,+62 (62) 375 3382,2024-02-09 13:59:44.733151
691,Diah,Widodo,diahwidodo@gmail.com,+62 (0381) 652-3965,2024-02-09 13:59:44.733151
692,Teguh,Manullang,teguhmanullang@yahoo.com,+62 (709) 149 7236,2024-02-09 13:59:44.733151
693,Betania,Fujiati,betaniafujiati@gmail.com,+62 (512) 200-3379,2024-02-09 13:59:44.733151
694,Teddy,Mulyani,teddymulyani@hotmail.com,+62 (06) 225 7386,2024-02-09 13:59:44.733151
695,Nardi,Rajata,nardirajata@gmail.com,(043) 943 2362,2024-02-09 13:59:44.733151
696,Agnes,Mandala,agnesmandala@yahoo.com,+62 (94) 718-5211,2024-02-09 13:59:44.733151
697,Jane,Padmasari,janepadmasari@gmail.com,(0565) 530-8662,2024-02-09 13:59:44.733151
698,Gina,Pratiwi,ginapratiwi@hotmail.com,+62 (82) 798 7501,2024-02-09 13:59:44.733151
699,Lamar,Narpati,lamarnarpati@yahoo.com,+62 (024) 487 2394,2024-02-09 13:59:44.733151
700,Daliman,Mansur,dalimanmansur@yahoo.com,+62 (042) 017-3822,2024-02-09 13:59:44.733151
701,Gilang,Mardhiyah,gilangmardhiyah@gmail.com,+62 (103) 158 5720,2024-02-09 13:59:44.733151
702,Harjo,Pradipta,harjopradipta@hotmail.com,+62 (066) 193 0608,2024-02-09 13:59:44.733151
703,Carub,Wijayanti,carubwijayanti@hotmail.com,+62 (08) 544 6480,2024-02-09 13:59:44.733151
704,Padmi,Safitri,padmisafitri@hotmail.com,(013) 748-4702,2024-02-09 13:59:44.733151
705,Gandewa,Riyanti,gandewariyanti@hotmail.com,+62-012-730-7664,2024-02-09 13:59:44.733151
706,Lembah,Lailasari,lembahlailasari@yahoo.com,+62 (72) 535-1458,2024-02-09 13:59:44.733151
707,Yunita,Hutagalung,yunitahutagalung@yahoo.com,086 781 6630,2024-02-09 13:59:44.733151
708,Purwadi,Mulyani,purwadimulyani@yahoo.com,+62-05-339-3063,2024-02-09 13:59:44.733151
709,Gadang,Sihombing,gadangsihombing@hotmail.com,+62-0633-928-7409,2024-02-09 13:59:44.733151
710,Karen,Haryanto,karenharyanto@yahoo.com,+62 (37) 699-0849,2024-02-09 13:59:44.733151
711,Jamalia,Prabowo,jamaliaprabowo@gmail.com,+62 (87) 784 0473,2024-02-09 13:59:44.733151
712,Gandewa,Putra,gandewaputra@hotmail.com,+62 (092) 439-2221,2024-02-09 13:59:44.733151
713,Yusuf,Novitasari,yusufnovitasari@hotmail.com,+62 (052) 237-8872,2024-02-09 13:59:44.733151
714,Kambali,Purnawati,kambalipurnawati@hotmail.com,+62 (992) 169-5554,2024-02-09 13:59:44.733151
715,Juli,Wahyudin,juliwahyudin@gmail.com,+62 (024) 173 9765,2024-02-09 13:59:44.733151
716,Darmaji,Handayani,darmajihandayani@yahoo.com,+62-57-446-7842,2024-02-09 13:59:44.733151
717,Argono,Yuniar,argonoyuniar@hotmail.com,+62 (58) 955-7922,2024-02-09 13:59:44.733151
718,Yoga,Kusumo,yogakusumo@gmail.com,+62 (052) 431 3053,2024-02-09 13:59:44.733151
719,Fitria,Salahudin,fitriasalahudin@gmail.com,+62 (017) 857 1311,2024-02-09 13:59:44.733151
720,Ian,Anggriawan,iananggriawan@gmail.com,+62-0192-213-6521,2024-02-09 13:59:44.733151
721,Talia,Sihotang,taliasihotang@hotmail.com,+62 (84) 835 8729,2024-02-09 13:59:44.733151
722,Jagapati,Waluyo,jagapatiwaluyo@gmail.com,+62-0183-123-7731,2024-02-09 13:59:44.733151
723,Maman,Mahendra,mamanmahendra@yahoo.com,+62 (042) 819-9542,2024-02-09 13:59:44.733151
724,Akarsana,Sitompul,akarsanasitompul@yahoo.com,+62 (04) 234 7563,2024-02-09 13:59:44.733151
725,Catur,Budiyanto,caturbudiyanto@yahoo.com,+62 (23) 629 8302,2024-02-09 13:59:44.733151
726,Jati,Prasetya,jatiprasetya@hotmail.com,+62 (0879) 901 9337,2024-02-09 13:59:44.733151
727,Tina,Padmasari,tinapadmasari@yahoo.com,+62-02-374-5389,2024-02-09 13:59:44.733151
728,Gaiman,Gunawan,gaimangunawan@yahoo.com,(0256) 618 0436,2024-02-09 13:59:44.733151
729,Juli,Sinaga,julisinaga@hotmail.com,+62 (072) 125 3954,2024-02-09 13:59:44.733151
730,Paulin,Kusmawati,paulinkusmawati@gmail.com,+62 (016) 924 6404,2024-02-09 13:59:44.733151
731,Cawisadi,Kuswandari,cawisadikuswandari@yahoo.com,+62 (087) 607-1361,2024-02-09 13:59:44.733151
732,Tira,Rahmawati,tirarahmawati@yahoo.com,(0118) 328 0948,2024-02-09 13:59:44.733151
733,Parman,Laksita,parmanlaksita@hotmail.com,+62 (35) 037 6448,2024-02-09 13:59:44.733151
734,Kezia,Nugroho,kezianugroho@hotmail.com,+62-256-259-0215,2024-02-09 13:59:44.733151
735,Cawuk,Nurdiyanti,cawuknurdiyanti@gmail.com,+62-91-450-2808,2024-02-09 13:59:44.733151
736,Maryadi,Agustina,maryadiagustina@yahoo.com,+62 (039) 107 9276,2024-02-09 13:59:44.733151
737,Panca,Saptono,pancasaptono@yahoo.com,+62 (917) 594 3719,2024-02-09 13:59:44.733151
738,Jindra,Pranowo,jindrapranowo@gmail.com,+62-20-696-3644,2024-02-09 13:59:44.733151
739,Martaka,Januar,martakajanuar@hotmail.com,082 798 5592,2024-02-09 13:59:44.733151
740,Kezia,Firmansyah,keziafirmansyah@gmail.com,(043) 596 5424,2024-02-09 13:59:44.733151
741,Makuta,Kusumo,makutakusumo@gmail.com,+62 (776) 801-7690,2024-02-09 13:59:44.733151
742,Nabila,Wulandari,nabilawulandari@gmail.com,+62 (0184) 010-0580,2024-02-09 13:59:44.733151
743,Ade,Nuraini,adenuraini@hotmail.com,0848920757,2024-02-09 13:59:44.733151
744,Yusuf,Mansur,yusufmansur@yahoo.com,(0192) 403 7476,2024-02-09 13:59:44.733151
745,Taswir,Yuniar,taswiryuniar@hotmail.com,+62 (57) 679-4564,2024-02-09 13:59:44.733151
746,Rahman,Pradipta,rahmanpradipta@gmail.com,+62 (511) 132-2375,2024-02-09 13:59:44.733151
747,Luthfi,Halim,luthfihalim@hotmail.com,+62 (0356) 168 4191,2024-02-09 13:59:44.733151
748,Juli,Narpati,julinarpati@gmail.com,+62 (013) 035 6277,2024-02-09 13:59:44.733151
749,Dimas,Puspita,dimaspuspita@yahoo.com,+62 (45) 565 5931,2024-02-09 13:59:44.733151
750,Sadina,Habibi,sadinahabibi@hotmail.com,+62 (493) 101-9830,2024-02-09 13:59:44.733151
751,Ade,Mulyani,ademulyani@yahoo.com,+62 (237) 340-7321,2024-02-09 13:59:44.733151
752,Cahyo,Tarihoran,cahyotarihoran@gmail.com,086 260 7628,2024-02-09 13:59:44.733151
753,Jaiman,Zulaika,jaimanzulaika@yahoo.com,+62-56-104-7962,2024-02-09 13:59:44.733151
754,Hilda,Suwarno,hildasuwarno@gmail.com,+62 (985) 609 4448,2024-02-09 13:59:44.733151
755,Kalim,Lestari,kalimlestari@hotmail.com,+62 (018) 071 1630,2024-02-09 13:59:44.733151
756,Sakti,Wahyuni,saktiwahyuni@hotmail.com,(0629) 958 6642,2024-02-09 13:59:44.733151
757,Prabowo,Iswahyudi,prabowoiswahyudi@yahoo.com,+62-0416-315-5485,2024-02-09 13:59:44.733151
758,Rangga,Aryani,ranggaaryani@hotmail.com,(0086) 620-7438,2024-02-09 13:59:44.733151
759,Labuh,Haryanto,labuhharyanto@yahoo.com,+62 (03) 367-8846,2024-02-09 13:59:44.733151
760,Paulin,Dabukke,paulindabukke@hotmail.com,+62 (302) 000 5961,2024-02-09 13:59:44.733151
761,Halim,Budiman,halimbudiman@hotmail.com,+62 (841) 415-2756,2024-02-09 13:59:44.733151
762,Ella,Lailasari,ellalailasari@hotmail.com,(0991) 265-0023,2024-02-09 13:59:44.733151
763,Prabowo,Rahayu,praboworahayu@gmail.com,+62 (75) 372-1135,2024-02-09 13:59:44.733151
764,Harjo,Nugroho,harjonugroho@hotmail.com,(0451) 874-0255,2024-02-09 13:59:44.733151
765,Hartana,Hidayat,hartanahidayat@gmail.com,+62-061-757-9522,2024-02-09 13:59:44.733151
766,Cinta,Sinaga,cintasinaga@gmail.com,080 165 5928,2024-02-09 13:59:44.733151
767,Mila,Kusmawati,milakusmawati@hotmail.com,+62 (054) 145 2165,2024-02-09 13:59:44.733151
768,Nrima,Salahudin,nrimasalahudin@gmail.com,+62 (407) 487-1374,2024-02-09 13:59:44.733151
769,Kardi,Lailasari,kardilailasari@hotmail.com,(0477) 230-5914,2024-02-09 13:59:44.733151
770,Edi,Suryatmi,edisuryatmi@gmail.com,+62-0027-209-6236,2024-02-09 13:59:44.733151
771,Adikara,Marpaung,adikaramarpaung@hotmail.com,(0213) 824-9638,2024-02-09 13:59:44.733151
772,Qori,Gunawan,qorigunawan@hotmail.com,+62-320-865-9794,2024-02-09 13:59:44.733151
773,Asirwanda,Budiyanto,asirwandabudiyanto@yahoo.com,+62 (222) 647 2569,2024-02-09 13:59:44.733151
774,Ghaliyati,Purnawati,ghaliyatipurnawati@gmail.com,+62-076-044-6434,2024-02-09 13:59:44.733151
775,Gatot,Mahendra,gatotmahendra@yahoo.com,+62 (028) 292 2718,2024-02-09 13:59:44.733151
776,Himawan,Nurdiyanti,himawannurdiyanti@yahoo.com,0833099575,2024-02-09 13:59:44.733151
777,Pia,Utama,piautama@yahoo.com,+62 (0954) 943 0359,2024-02-09 13:59:44.733151
778,Digdaya,Salahudin,digdayasalahudin@gmail.com,+62-037-371-9313,2024-02-09 13:59:44.733151
779,Eluh,Kurniawan,eluhkurniawan@yahoo.com,+62 (565) 184-9270,2024-02-09 13:59:44.733151
780,Vanesa,Mandala,vanesamandala@yahoo.com,+62-448-192-1247,2024-02-09 13:59:44.733151
781,Gamblang,Nugroho,gamblangnugroho@gmail.com,+62-020-138-9190,2024-02-09 13:59:44.733151
782,Kania,Wijayanti,kaniawijayanti@gmail.com,+62 (28) 235 0333,2024-02-09 13:59:44.733151
783,Anom,Anggriawan,anomanggriawan@hotmail.com,+62-841-157-5773,2024-02-09 13:59:44.733151
784,Atma,Laksmiwati,atmalaksmiwati@hotmail.com,+62-0774-469-5282,2024-02-09 13:59:44.733151
785,Rosman,Hastuti,rosmanhastuti@yahoo.com,(0093) 290 5462,2024-02-09 13:59:44.733151
786,Kemba,Maryati,kembamaryati@yahoo.com,+62 (377) 165 3909,2024-02-09 13:59:44.733151
787,Bakti,Puspita,baktipuspita@hotmail.com,0860141577,2024-02-09 13:59:44.733151
788,Suci,Wibisono,suciwibisono@gmail.com,+62 (0469) 652 4860,2024-02-09 13:59:44.733151
789,Sakti,Anggraini,saktianggraini@hotmail.com,(058) 260 0137,2024-02-09 13:59:44.733151
790,Malik,Haryanto,malikharyanto@yahoo.com,+62 (0419) 736-6457,2024-02-09 13:59:44.733151
791,Umaya,Mandala,umayamandala@yahoo.com,+62-80-926-5374,2024-02-09 13:59:44.733151
792,Embuh,Permata,embuhpermata@yahoo.com,+62 (012) 410 5105,2024-02-09 13:59:44.733151
793,Irsad,Safitri,irsadsafitri@hotmail.com,085 595 3652,2024-02-09 13:59:44.733151
794,Anastasia,Prasasta,anastasiaprasasta@gmail.com,089 582 4737,2024-02-09 13:59:44.733151
795,Dono,Budiman,donobudiman@gmail.com,+62 (045) 887 9974,2024-02-09 13:59:44.733151
796,Cemeti,Thamrin,cemetithamrin@gmail.com,+62 (95) 861-0116,2024-02-09 13:59:44.733151
797,Karta,Rahimah,kartarahimah@yahoo.com,+62-0844-282-4742,2024-02-09 13:59:44.733151
798,Azalea,Siregar,azaleasiregar@gmail.com,+62 (54) 099-8291,2024-02-09 13:59:44.733151
799,Hari,Dabukke,haridabukke@gmail.com,+62 (0738) 425 2659,2024-02-09 13:59:44.733151
800,Cawisadi,Winarno,cawisadiwinarno@yahoo.com,+62 (56) 970-7199,2024-02-09 13:59:44.733151
801,Garan,Budiyanto,garanbudiyanto@yahoo.com,+62 (080) 730 5910,2024-02-09 13:59:44.733151
802,Soleh,Natsir,solehnatsir@yahoo.com,+62-12-182-0682,2024-02-09 13:59:44.733151
803,Aslijan,Hastuti,aslijanhastuti@gmail.com,+62 (216) 818-4861,2024-02-09 13:59:44.733151
804,Jaka,Sihotang,jakasihotang@yahoo.com,+62 (037) 559-8203,2024-02-09 13:59:44.733151
805,Baktiono,Wahyuni,baktionowahyuni@hotmail.com,+62 (000) 252 7865,2024-02-09 13:59:44.733151
806,Prayitna,Wacana,prayitnawacana@yahoo.com,+62 (042) 279 0541,2024-02-09 13:59:44.733151
807,Fitriani,Hidayanto,fitrianihidayanto@yahoo.com,+62 (917) 656 8686,2024-02-09 13:59:44.733151
808,Belinda,Salahudin,belindasalahudin@hotmail.com,(040) 352-6742,2024-02-09 13:59:44.733151
809,Utama,Rahimah,utamarahimah@gmail.com,+62 (905) 665 7478,2024-02-09 13:59:44.733151
810,Cornelia,Lestari,cornelialestari@hotmail.com,085 187 6377,2024-02-09 13:59:44.733151
811,Sari,Hassanah,sarihassanah@hotmail.com,+62 (25) 041-1258,2024-02-09 13:59:44.733151
812,Prima,Hassanah,primahassanah@gmail.com,+62 (013) 156 1277,2024-02-09 13:59:44.733151
813,Lanjar,Marbun,lanjarmarbun@gmail.com,+62 (029) 882-6446,2024-02-09 13:59:44.733151
814,Jagaraga,Pangestu,jagaragapangestu@yahoo.com,083 109 3436,2024-02-09 13:59:44.733151
815,Nadine,Maulana,nadinemaulana@hotmail.com,0875212844,2024-02-09 13:59:44.733151
816,Karja,Wahyudin,karjawahyudin@yahoo.com,+62 (410) 683-5595,2024-02-09 13:59:44.733151
817,Laksana,Mardhiyah,laksanamardhiyah@hotmail.com,+62 (0190) 879-8593,2024-02-09 13:59:44.733151
818,Galih,Haryanto,galihharyanto@gmail.com,+62 (639) 853 6651,2024-02-09 13:59:44.733151
819,Daniswara,Lailasari,daniswaralailasari@hotmail.com,+62-0768-425-5542,2024-02-09 13:59:44.733151
820,Bakiadi,Anggriawan,bakiadianggriawan@hotmail.com,(031) 270 6958,2024-02-09 13:59:44.733151
821,Hairyanto,Siregar,hairyantosiregar@yahoo.com,(085) 220 5500,2024-02-09 13:59:44.733151
822,Siti,Marbun,sitimarbun@hotmail.com,+62-922-474-0520,2024-02-09 13:59:44.733151
823,Hasan,Rahimah,hasanrahimah@yahoo.com,+62-951-662-3237,2024-02-09 13:59:44.733151
824,Irnanto,Megantara,irnantomegantara@yahoo.com,+62-0590-916-6145,2024-02-09 13:59:44.733151
825,Elon,Hastuti,elonhastuti@yahoo.com,+62 (53) 378-3230,2024-02-09 13:59:44.733151
826,Gaiman,Mangunsong,gaimanmangunsong@gmail.com,+62-10-592-8574,2024-02-09 13:59:44.733151
827,Dipa,Damanik,dipadamanik@gmail.com,+62 (058) 568 1921,2024-02-09 13:59:44.733151
828,Warsita,Susanti,warsitasusanti@hotmail.com,(0967) 993-8027,2024-02-09 13:59:44.733151
829,Hasna,Setiawan,hasnasetiawan@yahoo.com,+62 (120) 079-3260,2024-02-09 13:59:44.733151
830,Shakila,Sitorus,shakilasitorus@yahoo.com,(0909) 198-9601,2024-02-09 13:59:44.733151
831,Hamima,Saptono,hamimasaptono@hotmail.com,082 768 4876,2024-02-09 13:59:44.733151
832,Muni,Rahimah,munirahimah@yahoo.com,(041) 965-9716,2024-02-09 13:59:44.733151
833,Sadina,Santoso,sadinasantoso@yahoo.com,086 470 9900,2024-02-09 13:59:44.733151
834,Balijan,Simbolon,balijansimbolon@gmail.com,+62 (319) 064-7189,2024-02-09 13:59:44.733151
835,Balangga,Rajasa,balanggarajasa@yahoo.com,+62 (731) 244 1257,2024-02-09 13:59:44.733151
836,Wakiman,Hidayanto,wakimanhidayanto@yahoo.com,+62 (050) 814 6605,2024-02-09 13:59:44.733151
837,Dalimin,Wijaya,daliminwijaya@yahoo.com,+62-82-520-9208,2024-02-09 13:59:44.733151
838,Gantar,Lailasari,gantarlailasari@gmail.com,+62-0490-892-6112,2024-02-09 13:59:44.733151
839,Purwa,Sihombing,purwasihombing@gmail.com,(0668) 299-0898,2024-02-09 13:59:44.733151
840,Heru,Saragih,herusaragih@yahoo.com,+62-091-537-5629,2024-02-09 13:59:44.733151
841,Aris,Nurdiyanti,arisnurdiyanti@yahoo.com,+62-102-122-2753,2024-02-09 13:59:44.733151
842,Tania,Permadi,taniapermadi@hotmail.com,0814785563,2024-02-09 13:59:44.733151
843,Olivia,Farida,oliviafarida@yahoo.com,+62-098-873-6922,2024-02-09 13:59:44.733151
844,Mariadi,Dongoran,mariadidongoran@gmail.com,+62 (009) 588 7339,2024-02-09 13:59:44.733151
845,Chandra,Setiawan,chandrasetiawan@yahoo.com,(0970) 216 3316,2024-02-09 13:59:44.733151
846,Samsul,Dabukke,samsuldabukke@hotmail.com,089 418 7552,2024-02-09 13:59:44.733151
847,Balijan,Putra,balijanputra@yahoo.com,+62 (263) 407-3681,2024-02-09 13:59:44.733151
848,Darmanto,Tamba,darmantotamba@yahoo.com,0842419868,2024-02-09 13:59:44.733151
849,Maryadi,Maryadi,maryadimaryadi@yahoo.com,(0675) 922-5850,2024-02-09 13:59:44.733151
850,Ian,Rahayu,ianrahayu@gmail.com,+62-682-884-9350,2024-02-09 13:59:44.733151
851,Mursita,Tarihoran,mursitatarihoran@gmail.com,+62 (0273) 562-8457,2024-02-09 13:59:44.733151
852,Dariati,Handayani,dariatihandayani@hotmail.com,+62-047-328-4776,2024-02-09 13:59:44.733151
853,Yulia,Prasetyo,yuliaprasetyo@yahoo.com,(0298) 419-1829,2024-02-09 13:59:44.733151
854,Mariadi,Oktaviani,mariadioktaviani@yahoo.com,+62 (0676) 733 1743,2024-02-09 13:59:44.733151
855,Narji,Uyainah,narjiuyainah@gmail.com,+62 (0216) 926 5036,2024-02-09 13:59:44.733151
856,Empluk,Mustofa,emplukmustofa@gmail.com,+62 (442) 951-2285,2024-02-09 13:59:44.733151
857,Bahuwarna,Wulandari,bahuwarnawulandari@hotmail.com,+62 (037) 084-4022,2024-02-09 13:59:44.733151
858,Jabal,Saputra,jabalsaputra@hotmail.com,0877405848,2024-02-09 13:59:44.733151
859,Gaman,Prastuti,gamanprastuti@hotmail.com,0850222084,2024-02-09 13:59:44.733151
860,Prayoga,Lazuardi,prayogalazuardi@yahoo.com,+62 (810) 015-6105,2024-02-09 13:59:44.733151
861,Budi,Ramadan,budiramadan@yahoo.com,(072) 911 2304,2024-02-09 13:59:44.733151
862,Gantar,Marbun,gantarmarbun@gmail.com,(048) 591-1039,2024-02-09 13:59:44.733151
863,Dian,Halimah,dianhalimah@hotmail.com,+62-006-748-7869,2024-02-09 13:59:44.733151
864,Gada,Padmasari,gadapadmasari@gmail.com,+62-841-638-8003,2024-02-09 13:59:44.733151
865,Jati,Haryanto,jatiharyanto@hotmail.com,0877872646,2024-02-09 13:59:44.733151
866,Radika,Prakasa,radikaprakasa@yahoo.com,0879855617,2024-02-09 13:59:44.733151
867,Lanang,Adriansyah,lanangadriansyah@gmail.com,+62 (04) 024-2649,2024-02-09 13:59:44.733151
868,Embuh,Saptono,embuhsaptono@yahoo.com,+62 (71) 349 8037,2024-02-09 13:59:44.733151
869,Daru,Prakasa,daruprakasa@hotmail.com,+62 (0819) 316 7714,2024-02-09 13:59:44.733151
870,Jatmiko,Hidayat,jatmikohidayat@gmail.com,+62 (0973) 816 7529,2024-02-09 13:59:44.733151
871,Galuh,Nurdiyanti,galuhnurdiyanti@yahoo.com,+62 (020) 531-1545,2024-02-09 13:59:44.733151
872,Harsanto,Hidayat,harsantohidayat@hotmail.com,+62 (0745) 821 2832,2024-02-09 13:59:44.733151
873,Pranawa,Wacana,pranawawacana@hotmail.com,+62 (56) 578-9605,2024-02-09 13:59:44.733151
874,Cengkal,Halim,cengkalhalim@yahoo.com,+62 (93) 827-0415,2024-02-09 13:59:44.733151
875,Dartono,Budiyanto,dartonobudiyanto@gmail.com,(0311) 673 7299,2024-02-09 13:59:44.733151
876,Dwi,Jailani,dwijailani@yahoo.com,+62 (828) 100-5629,2024-02-09 13:59:44.733151
877,Daliono,Prasasta,dalionoprasasta@gmail.com,+62 (0879) 770 3386,2024-02-09 13:59:44.733151
878,Eko,Maulana,ekomaulana@gmail.com,(0382) 542 3436,2024-02-09 13:59:44.733151
879,Tiara,Latupono,tiaralatupono@hotmail.com,+62 (208) 134 9976,2024-02-09 13:59:44.733151
880,Tirtayasa,Situmorang,tirtayasasitumorang@gmail.com,(037) 809-5412,2024-02-09 13:59:44.733151
881,Kawaya,Padmasari,kawayapadmasari@hotmail.com,0850398305,2024-02-09 13:59:44.733151
882,Aurora,Handayani,aurorahandayani@gmail.com,+62-062-550-2418,2024-02-09 13:59:44.733151
883,Raharja,Kurniawan,raharjakurniawan@gmail.com,+62-012-973-0506,2024-02-09 13:59:44.733151
884,Dacin,Mulyani,dacinmulyani@yahoo.com,+62 (034) 164 9548,2024-02-09 13:59:44.733151
885,Wirda,Mardhiyah,wirdamardhiyah@hotmail.com,+62-44-520-3569,2024-02-09 13:59:44.733151
886,Ayu,Hariyah,ayuhariyah@hotmail.com,+62-067-352-6113,2024-02-09 13:59:44.733151
887,Rahmi,Rajata,rahmirajata@hotmail.com,+62 (023) 799-5053,2024-02-09 13:59:44.733151
888,Darmaji,Prakasa,darmajiprakasa@hotmail.com,087 949 6947,2024-02-09 13:59:44.733151
889,Hana,Lestari,hanalestari@gmail.com,+62 (0305) 544-0612,2024-02-09 13:59:44.733151
890,Reza,Nasyiah,rezanasyiah@hotmail.com,+62-91-174-1945,2024-02-09 13:59:44.733151
891,Mursita,Ramadan,mursitaramadan@yahoo.com,+62 (733) 898 8088,2024-02-09 13:59:44.733151
892,Limar,Mandala,limarmandala@yahoo.com,(005) 321-6948,2024-02-09 13:59:44.733151
893,Aditya,Hastuti,adityahastuti@yahoo.com,+62 (137) 162-5171,2024-02-09 13:59:44.733151
894,Jamil,Wulandari,jamilwulandari@hotmail.com,+62 (079) 059 8697,2024-02-09 13:59:44.733151
895,Harja,Wastuti,harjawastuti@hotmail.com,(054) 598 8064,2024-02-09 13:59:44.733151
896,Hesti,Nasyiah,hestinasyiah@gmail.com,+62 (735) 061-0059,2024-02-09 13:59:44.733151
897,Caturangga,Sihombing,caturanggasihombing@gmail.com,+62 (442) 384-5175,2024-02-09 13:59:44.733151
898,Umi,Yuniar,umiyuniar@gmail.com,+62 (566) 169 6452,2024-02-09 13:59:44.733151
899,Dimaz,Palastri,dimazpalastri@hotmail.com,+62 (056) 208 8933,2024-02-09 13:59:44.733151
900,Karta,Waluyo,kartawaluyo@yahoo.com,0883667767,2024-02-09 13:59:44.733151
901,Marsudi,Pradana,marsudipradana@yahoo.com,+62 (0097) 981-5466,2024-02-09 13:59:44.733151
902,Raditya,Pradana,radityapradana@hotmail.com,+62 (012) 455 3684,2024-02-09 13:59:44.733151
903,Garang,Marbun,garangmarbun@yahoo.com,+62 (85) 459-0761,2024-02-09 13:59:44.733151
904,Daniswara,Napitupulu,daniswaranapitupulu@gmail.com,(041) 927-4210,2024-02-09 13:59:44.733151
905,Atmaja,Samosir,atmajasamosir@hotmail.com,+62 (040) 152-8156,2024-02-09 13:59:44.733151
906,Indra,Wacana,indrawacana@gmail.com,(0963) 192-7238,2024-02-09 13:59:44.733151
907,Samiah,Kusmawati,samiahkusmawati@gmail.com,089 678 4687,2024-02-09 13:59:44.733151
908,Martani,Safitri,martanisafitri@hotmail.com,(0140) 820 5447,2024-02-09 13:59:44.733151
909,Aslijan,Wasita,aslijanwasita@hotmail.com,+62 (749) 183 2241,2024-02-09 13:59:44.733151
910,Saka,Hutagalung,sakahutagalung@gmail.com,0857376437,2024-02-09 13:59:44.733151
911,Uchita,Hidayanto,uchitahidayanto@hotmail.com,(079) 187 4398,2024-02-09 13:59:44.733151
912,Galuh,Dongoran,galuhdongoran@gmail.com,(0594) 786-6465,2024-02-09 13:59:44.733151
913,Asmuni,Situmorang,asmunisitumorang@gmail.com,(0700) 841-8279,2024-02-09 13:59:44.733151
914,Vino,Melani,vinomelani@hotmail.com,+62 (61) 134-2543,2024-02-09 13:59:44.733151
915,Cornelia,Prayoga,corneliaprayoga@gmail.com,+62-204-692-3270,2024-02-09 13:59:44.733151
916,Jasmani,Nasyidah,jasmaninasyidah@gmail.com,+62 (027) 245-7834,2024-02-09 13:59:44.733151
917,Chelsea,Maryadi,chelseamaryadi@yahoo.com,+62 (041) 169-9571,2024-02-09 13:59:44.733151
918,Jarwa,Prastuti,jarwaprastuti@hotmail.com,+62 (917) 216 1168,2024-02-09 13:59:44.733151
919,Muni,Tampubolon,munitampubolon@gmail.com,+62 (073) 249 0891,2024-02-09 13:59:44.733151
920,Danu,Mardhiyah,danumardhiyah@hotmail.com,+62-0406-196-6687,2024-02-09 13:59:44.733151
921,Citra,Halim,citrahalim@gmail.com,+62-369-254-6869,2024-02-09 13:59:44.733151
922,Ajiono,Susanti,ajionosusanti@gmail.com,+62 (594) 246-5715,2024-02-09 13:59:44.733151
923,Latif,Mayasari,latifmayasari@gmail.com,+62-85-041-4082,2024-02-09 13:59:44.733151
924,Sidiq,Wulandari,sidiqwulandari@hotmail.com,(0821) 118-2539,2024-02-09 13:59:44.733151
925,Pangeran,Hutapea,pangeranhutapea@gmail.com,+62 (539) 586 6546,2024-02-09 13:59:44.733151
926,Padmi,Anggraini,padmianggraini@gmail.com,+62-04-777-7895,2024-02-09 13:59:44.733151
927,Dimas,Permadi,dimaspermadi@gmail.com,(0297) 513 9037,2024-02-09 13:59:44.733151
928,Lasmanto,Gunarto,lasmantogunarto@hotmail.com,+62 (0877) 249 5646,2024-02-09 13:59:44.733151
929,Taswir,Waskita,taswirwaskita@gmail.com,(031) 145 1719,2024-02-09 13:59:44.733151
930,Capa,Zulaika,capazulaika@gmail.com,+62 (315) 746-5628,2024-02-09 13:59:44.733151
931,Ikhsan,Hidayat,ikhsanhidayat@gmail.com,+62 (0323) 481 2364,2024-02-09 13:59:44.733151
932,Mitra,Rahmawati,mitrarahmawati@hotmail.com,+62 (987) 695 7198,2024-02-09 13:59:44.733151
933,Mitra,Santoso,mitrasantoso@hotmail.com,+62 (78) 767 8163,2024-02-09 13:59:44.733151
934,Wasis,Usamah,wasisusamah@yahoo.com,+62 (51) 978-1544,2024-02-09 13:59:44.733151
935,Kasiran,Budiyanto,kasiranbudiyanto@gmail.com,+62 (74) 091 7493,2024-02-09 13:59:44.733151
936,Mulya,Hutagalung,mulyahutagalung@hotmail.com,+62 (0801) 524-0177,2024-02-09 13:59:44.733151
937,Kuncara,Tarihoran,kuncaratarihoran@hotmail.com,(0719) 638-1425,2024-02-09 13:59:44.733151
938,Daruna,Mangunsong,darunamangunsong@gmail.com,+62 (66) 709-8969,2024-02-09 13:59:44.733151
939,Ida,Yulianti,idayulianti@hotmail.com,+62 (0384) 849 0264,2024-02-09 13:59:44.733151
940,Dimaz,Agustina,dimazagustina@yahoo.com,+62 (0281) 211 5218,2024-02-09 13:59:44.733151
941,Jarwadi,Mandasari,jarwadimandasari@hotmail.com,+62 (0242) 094 2710,2024-02-09 13:59:44.733151
942,Viktor,Maryati,viktormaryati@gmail.com,+62 (037) 224-1564,2024-02-09 13:59:44.733151
943,Elvin,Najmudin,elvinnajmudin@hotmail.com,(084) 754 8509,2024-02-09 13:59:44.733151
944,Karna,Utama,karnautama@gmail.com,+62-941-229-6592,2024-02-09 13:59:44.733151
945,Harto,Rajasa,hartorajasa@yahoo.com,+62-061-755-2649,2024-02-09 13:59:44.733151
946,Banara,Gunawan,banaragunawan@yahoo.com,+62 (045) 810-1463,2024-02-09 13:59:44.733151
947,Kezia,Utami,keziautami@hotmail.com,+62 (0826) 074-9007,2024-02-09 13:59:44.733151
948,Irnanto,Mahendra,irnantomahendra@yahoo.com,(0693) 850 1652,2024-02-09 13:59:44.733151
949,Lala,Widodo,lalawidodo@yahoo.com,(081) 075 9473,2024-02-09 13:59:44.733151
950,Empluk,Samosir,empluksamosir@gmail.com,+62 (0711) 449-7124,2024-02-09 13:59:44.733151
951,Rosman,Nababan,rosmannababan@gmail.com,088 294 6232,2024-02-09 13:59:44.733151
952,Empluk,Najmudin,empluknajmudin@gmail.com,081 738 3676,2024-02-09 13:59:44.733151
953,Bahuwarna,Yuniar,bahuwarnayuniar@gmail.com,+62 (0891) 465 7501,2024-02-09 13:59:44.733151
954,Parman,Palastri,parmanpalastri@yahoo.com,+62 (250) 816-4382,2024-02-09 13:59:44.733151
955,Adika,Hutasoit,adikahutasoit@hotmail.com,(093) 627 9602,2024-02-09 13:59:44.733151
956,Ade,Suartini,adesuartini@gmail.com,+62-827-816-1013,2024-02-09 13:59:44.733151
957,Tirtayasa,Zulaika,tirtayasazulaika@yahoo.com,+62-75-342-6414,2024-02-09 13:59:44.733151
958,Dagel,Prastuti,dagelprastuti@gmail.com,089 430 5581,2024-02-09 13:59:44.733151
959,Sarah,Novitasari,sarahnovitasari@hotmail.com,+62 (069) 027-6273,2024-02-09 13:59:44.733151
960,Clara,Salahudin,clarasalahudin@yahoo.com,+62 (086) 059-1559,2024-02-09 13:59:44.733151
961,Elvina,Situmorang,elvinasitumorang@gmail.com,(046) 987-8932,2024-02-09 13:59:44.733151
962,Salman,Hariyah,salmanhariyah@yahoo.com,089 263 7756,2024-02-09 13:59:44.733151
963,Zulaikha,Hutasoit,zulaikhahutasoit@hotmail.com,+62 (19) 870 4142,2024-02-09 13:59:44.733151
964,Naradi,Siregar,naradisiregar@yahoo.com,+62 (994) 468-4980,2024-02-09 13:59:44.733151
965,Murti,Marpaung,murtimarpaung@gmail.com,+62 (098) 345 9091,2024-02-09 13:59:44.733151
966,Taswir,Situmorang,taswirsitumorang@hotmail.com,+62 (012) 313 4726,2024-02-09 13:59:44.733151
967,Carub,Wastuti,carubwastuti@yahoo.com,+62 (0590) 752-1091,2024-02-09 13:59:44.733151
968,Dimaz,Hutagalung,dimazhutagalung@hotmail.com,+62-076-544-9700,2024-02-09 13:59:44.733151
969,Dasa,Purnawati,dasapurnawati@gmail.com,+62 (06) 332 6995,2024-02-09 13:59:44.733151
970,Gangsa,Hastuti,gangsahastuti@yahoo.com,(0581) 461-0616,2024-02-09 13:59:44.733151
971,Jono,Santoso,jonosantoso@hotmail.com,+62 (0281) 343 8956,2024-02-09 13:59:44.733151
972,Prabowo,Firgantoro,prabowofirgantoro@hotmail.com,+62-30-412-9021,2024-02-09 13:59:44.733151
973,Mitra,Permata,mitrapermata@hotmail.com,(0507) 991 9072,2024-02-09 13:59:44.733151
974,Kasusra,Iswahyudi,kasusraiswahyudi@hotmail.com,(022) 362-2137,2024-02-09 13:59:44.733151
975,Kanda,Kurniawan,kandakurniawan@hotmail.com,086 554 1872,2024-02-09 13:59:44.733151
976,Cahya,Sihombing,cahyasihombing@hotmail.com,(063) 762-1860,2024-02-09 13:59:44.733151
977,Lutfan,Pertiwi,lutfanpertiwi@yahoo.com,+62 (0523) 135-4605,2024-02-09 13:59:44.733151
978,Jinawi,Samosir,jinawisamosir@hotmail.com,+62-769-550-4846,2024-02-09 13:59:44.733151
979,Shakila,Usamah,shakilausamah@gmail.com,(076) 001 0041,2024-02-09 13:59:44.733151
980,Ozy,Ramadan,ozyramadan@gmail.com,+62 (670) 323 7449,2024-02-09 13:59:44.733151
981,Martana,Anggriawan,martanaanggriawan@gmail.com,+62 (085) 960-3610,2024-02-09 13:59:44.733151
982,Gaman,Nurdiyanti,gamannurdiyanti@yahoo.com,+62 (585) 305-1479,2024-02-09 13:59:44.733151
983,Rangga,Wijaya,ranggawijaya@hotmail.com,+62-152-327-3360,2024-02-09 13:59:44.733151
984,Utama,Dabukke,utamadabukke@hotmail.com,+62-23-367-5956,2024-02-09 13:59:44.733151
985,Jagapati,Budiman,jagapatibudiman@yahoo.com,+62 (82) 089 2647,2024-02-09 13:59:44.733151
986,Febi,Marpaung,febimarpaung@hotmail.com,+62 (029) 365-3098,2024-02-09 13:59:44.733151
987,Warsita,Simanjuntak,warsitasimanjuntak@gmail.com,+62-005-639-8178,2024-02-09 13:59:44.733151
988,Gangsa,Suryatmi,gangsasuryatmi@hotmail.com,(0917) 672-9281,2024-02-09 13:59:44.733151
989,Yani,Wijaya,yaniwijaya@yahoo.com,+62 (14) 323 7485,2024-02-09 13:59:44.733151
990,Muhammad,Putra,muhammadputra@yahoo.com,(0364) 219 7853,2024-02-09 13:59:44.733151
991,Kasiran,Pranowo,kasiranpranowo@hotmail.com,+62-151-668-9685,2024-02-09 13:59:44.733151
992,Imam,Wulandari,imamwulandari@yahoo.com,+62 (0803) 840 0867,2024-02-09 13:59:44.733151
993,Harjaya,Hartati,harjayahartati@yahoo.com,+62 (84) 043-5736,2024-02-09 13:59:44.733151
994,Vanya,Pangestu,vanyapangestu@hotmail.com,+62-0626-475-8933,2024-02-09 13:59:44.733151
995,Irfan,Maryadi,irfanmaryadi@gmail.com,+62-057-742-8019,2024-02-09 13:59:44.733151
996,Jono,Maryadi,jonomaryadi@hotmail.com,+62 (042) 227-3166,2024-02-09 13:59:44.733151
997,Wulan,Novitasari,wulannovitasari@yahoo.com,(0986) 708 8657,2024-02-09 13:59:44.733151
998,Balamantri,Salahudin,balamantrisalahudin@yahoo.com,(020) 504 7283,2024-02-09 13:59:44.733151
999,Ida,Prayoga,idaprayoga@hotmail.com,0886408953,2024-02-09 13:59:44.733151
1000,Heryanto,Siregar,heryantosiregar@hotmail.com,0800101666,2024-02-09 13:59:44.733151
